path	ext
!!!!教会用共有フォルダー/2022年度信徒総会.docx	docx
!!!!教会用共有フォルダー/20241103創世記1：20-1：31「神のかたちとして」.pptx	pptx
!!!!教会用共有フォルダー/20250713創世記18-1-18-15「サラは笑った。」.pptx	pptx
!!!!教会用共有フォルダー/20250727サムエル記第一1-20–28「捧げられる子供」.pptx	pptx
!!!!教会用共有フォルダー/20250810創世記19-12-22 「その町の名はツォアル」.pptx	pptx
!!!!教会用共有フォルダー/20250824ピリピ4：1-23「何も思い煩わない。」.pptx	pptx
!!!!教会用共有フォルダー/20250921創世記21-8-21 「弓を射る者となった。」.pptx	pptx
!!!!教会用共有フォルダー/20251214 創世記26-12-35 「井戸を見つける。」.pptx	pptx
!!!!教会用共有フォルダー/20251221マタイ1：1-25「神による救いの計画」.pptx	pptx
!!!!教会用共有フォルダー/20260111創世記27-18-29「奪われた祝福」.pptx	pptx
!!!!教会用共有フォルダー/20260412創世記31-14-42「ラケルとテラフィム」.pptx	pptx
!!!!教会用共有フォルダー/20260524使徒の働き2-37–47「聖霊の導く教会の姿」.pptx	pptx
!!!!教会用共有フォルダー/~$早天 (LAPTOP-NPMMH3FL の競合コピー 2024-11-05) [自動保存済み].pptx	pptx
!!!!教会用共有フォルダー/「被造物の初穂となる。」.pptx	pptx
!!!!教会用共有フォルダー/ピリピ4：1-23「何も思い煩わない。」.pptx	pptx
!!!!教会用共有フォルダー/使徒の働き2：46-47「一つになる信仰者の群れ」.pptx	pptx
!!!!教会用共有フォルダー/教会債契約書/宮本愛子金銭消費賃借契約書.docx	docx
!!!!教会用共有フォルダー/教会債契約書/小牧直美金銭消費賃借契約書.doc	doc
!!!!教会用共有フォルダー/教会債契約書/岡部グニラ金銭消費賃借契約書.doc	doc
!!!!教会用共有フォルダー/教会債契約書/川口澄子金銭消費賃借契約書.docx	docx
!!!!教会用共有フォルダー/教会債契約書/松原金銭消費賃借契約書.doc	doc
!!!!教会用共有フォルダー/教会債契約書/芳賀洋子金銭消費賃借契約書.doc	doc
!!!!教会用共有フォルダー/教会債契約書/豊永芳明・眞由美金銭消費賃借契約書.doc	doc
!!!!教会用共有フォルダー/新スライドマスター.pptx	pptx
!!!!教会用共有フォルダー/早天 (LAPTOP-NPMMH3FL の競合コピー 2024-11-05) [自動保存済み].pptx	pptx
!!!!教会用共有フォルダー/早天 [自動保存済み] [自動保存済み].pptx	pptx
!!!!教会用共有フォルダー/礼拝司会.docx	docx
!KG/KG2024生徒住所.docx	docx
!KG/もうちょい住所.xlsx	xlsx
!KG/千葉中高住所録プレーン.docx	docx
!KG/千葉県中学校住所録.docx	docx
!KG/学校名簿整頓済み.docx	docx
!KG/整理された中高リスト.xlsx	xlsx
!KG/谷口冬弥ミッション１.docx	docx
!KG/！！KG八千代台/!!KG FLYERS/KG三つ折りパンフ202308/2026KG３折裏OL.pdf	pdf
!KG/！！KG八千代台/!!KG FLYERS/KG三つ折りパンフ202308/KG３折裏OL.pdf	pdf
!KG/！！KG八千代台/!!KG FLYERS/KG三つ折りパンフ20230913/KG3折表/KG３折表OL.pdf	pdf
!KG/！！KG八千代台/!!KG事務/2760020.docx	docx
!KG/！！KG八千代台/!!KG事務/KG 2024契約更新/R4教育提携契約書　 87　南雲　嘉明　様.doc	doc
!KG/！！KG八千代台/!!KG事務/KG 2024契約更新/八千代台キャンパス送付先.docx	docx
!KG/！！KG八千代台/!!KG事務/KG 2024契約更新/八千代台キャンパス通信教育連携協力施設調書.xlsx	xlsx
!KG/！！KG八千代台/!!KG事務/KG 2024契約更新/契約書データの送信先連絡票.docx	docx
!KG/！！KG八千代台/!!KG事務/KG 2024契約更新/通信教育連携協力施設調書.xlsx	xlsx
!KG/！！KG八千代台/!!KG事務/KG連絡ファイル/令和3年度学習センター情報票.xlsx	xlsx
!KG/！！KG八千代台/!!KG事務/KG連絡ファイル/令和4年度　4月月間締切日カレンダー.pdf	pdf
!KG/！！KG八千代台/!!KG事務/KG連絡ファイル/令和4年度　ブロック編成表.pdf	pdf
!KG/！！KG八千代台/!!KG事務/KG連絡ファイル/令和4年度生徒会 選任申請用紙　八千代台キャンパス.xlsx	xlsx
!KG/！！KG八千代台/!!KG事務/KG連絡ファイル/八千代台キャンパス/1-1富士通クラウドファイルサーバー用アカウント.pdf	pdf
!KG/！！KG八千代台/!!KG事務/KG連絡ファイル/八千代台キャンパス/1-2富士通クラウドファイルサーバーのデスクトップ版の設定方法.pdf	pdf
!KG/！！KG八千代台/!!KG事務/KG連絡ファイル/八千代台キャンパス/2レポートシステム先生用アカウント.pdf	pdf
!KG/！！KG八千代台/!!KG事務/KG連絡ファイル/八千代台キャンパス/3-1基幹システムアカウント通知書.pdf	pdf
!KG/！！KG八千代台/!!KG事務/KG連絡ファイル/八千代台キャンパス/3-2基幹システムログイン手順書.pdf	pdf
!KG/！！KG八千代台/!!KG事務/KG連絡ファイル/八千代台キャンパス/4ホームページ編集用アカウント.pdf	pdf
!KG/！！KG八千代台/!!KG事務/KG連絡ファイル/八千代台キャンパス令和4年度学習センター情報票.xlsx	xlsx
!KG/！！KG八千代台/!!KG事務/KG連絡ファイル/八千代台キャンパス令和5年度学習センター情報票.xlsx	xlsx
!KG/！！KG八千代台/!!KG事務/KG連絡ファイル/所在地・連絡先一覧.pdf	pdf
!KG/！！KG八千代台/!!KG事務/KG連絡ファイル/業務担当問い合わせ先一覧　令和4年度（4月1日）.pdf	pdf
!KG/！！KG八千代台/!!KG事務/KG高等学院八千代台キャンパス2022年度スケジュール.xlsx	xlsx
!KG/！！KG八千代台/!!KG事務/KG高等学院八千代台キャンパス時間割例.xlsx	xlsx
!KG/！！KG八千代台/!!KG事務/~$学費納入のお知らせ.docx	docx
!KG/！！KG八千代台/!!KG事務/~$納入のお知らせ　.docx	docx
!KG/！！KG八千代台/!!KG事務/アキラ君向け。大学は単位を取れれば卒業できる.docx	docx
!KG/！！KG八千代台/!!KG事務/五島様不登校自由出席.docx	docx
!KG/！！KG八千代台/!!KG事務/体調不良様.docx	docx
!KG/！！KG八千代台/!!KG事務/優花学費納入のお知らせ　.docx	docx
!KG/！！KG八千代台/!!KG事務/優花教科書代のお知らせ　.docx	docx
!KG/！！KG八千代台/!!KG事務/橋爪様学費.docx	docx
!KG/！！KG八千代台/!!KG事務/美大、挨拶文金沢正毅 様.docx	docx
!KG/！！KG八千代台/!!KG事務/資料請求ありがとうの文市川工業高校南波様.docx	docx
!KG/！！KG八千代台/!!KG事務/関様こんにちは.docx	docx
!KG/！！KG八千代台/!!KG事務/飯塚様こんにちは.docx	docx
!KG/！！KG八千代台/鹿島通信本部住所.docx	docx
!KG/！！南十字舎/南十字舎コラムス/南十字舎値段考察用.xlsx	xlsx
!KG/！！南十字舎/南十字舎事務/フリースクール月謝加算28800円35人.xlsx	xlsx
!KG/！！南十字舎/南十字舎事務/南十字舎予算表（融資に向けてのもの）.xlsx	xlsx
!学研/2023夏の教室休止日についてのお知らせ.docx	docx
!学研/2024年級室のお知らせ.docx	docx
!学研/2024春保護者面談についてのお知らせ.docx	docx
!学研/2025春季休室についてのお知らせ.docx	docx
!学研/20260312創世記31.docx	docx
!学研/20260412創世記31-14-42「ラケルとテラフィム」.docx	docx
!学研/84の1の位は.docx	docx
!学研/KG高等学院八千代台キャンパス2025名簿.docx	docx
!学研/gessyatebiki2019.pdf	pdf
!学研/gessyatebiki_SMBC.pdf	pdf
!学研/ゴールデンウイークについてのお知らせ (LAPTOP-NPMMH3FL の競合コピー 2024-11-05).docx	docx
!学研/ゴールデンウイークについてのお知らせ.docx	docx
!学研/コロナ対策/コロナについてのお知らせ.docx	docx
!学研/コロナ対策/緊急事態宣言下の学研教室の運営方法について.docx	docx
!学研/コロナ対策/遠隔学習の方法.docx	docx
!学研/コロナ対策/遠隔学習の方法「LINE」編.docx	docx
!学研/コロナ対策/遠隔学習の方法「ZOOM」編.docx	docx
!学研/コロナ対策/遠隔指導スケジュール.docx	docx
!学研/コロナ対策/遠隔指導修正.txt	txt
!学研/中学生定期テスト対策ついてのお知らせ.docx	docx
!学研/中学生定期テスト対策ついてのお知らせ2.docx	docx
!学研/保護者のみなさまへ.docx	docx
!学研/保護者面談についてのお知らせ (LAPTOP-NPMMH3FL の競合コピー 2024-11-05).docx	docx
!学研/保護者面談についてのお知らせ.docx	docx
!学研/冬季休室についてのお知らせ.docx	docx
!学研/初期ファイル/八千代小学校情報.docx	docx
!学研/初期ファイル/学研トド20200901.docx	docx
!学研/初期ファイル/学研名簿.xlsx	xlsx
!学研/初期ファイル/学研教材注文表.xlsx	xlsx
!学研/初期ファイル/学研教材進行表.xlsx	xlsx
!学研/初期ファイル/学研教材進行表1.xlsx	xlsx
!学研/初期ファイル/学研教材進行表2.xlsx	xlsx
!学研/初期ファイル/学研教材進行表3.xlsx	xlsx
!学研/初期ファイル/学研時間割 (2).xlsx	xlsx
!学研/初期ファイル/学研時間割.xlsx	xlsx
!学研/初期ファイル/学研時間割2020.xlsx	xlsx
!学研/初期ファイル/学研生徒名簿.xlsx	xlsx
!学研/初期ファイル/学研計算表 (2).xlsx	xlsx
!学研/初期ファイル/学研計算表.xlsx	xlsx
!学研/初期ファイル/学研集金袋裏.xlsx	xlsx
!学研/初期ファイル/宮内莉子小学三年生.docx	docx
!学研/初期ファイル/後藤彰斗小4.docx	docx
!学研/初期ファイル/森様.docx	docx
!学研/初期ファイル/森隼人小学五年生五級が順当.docx	docx
!学研/初期ファイル/診断テスト結果(星りのら)_20170801.pdf	pdf
!学研/初期ファイル/金高雪音.docx	docx
!学研/名簿forファイル.docx	docx
!学研/名簿forファイル202604.docx	docx
!学研/名簿forファイルきよたはるな.docx	docx
!学研/名簿forファイルさやかまい.docx	docx
!学研/名簿forファイルヒメ.docx	docx
!学研/夏休みについてのお知らせ (LAPTOP-NPMMH3FL の競合コピー 2024-11-05).docx	docx
!学研/夏休みについてのお知らせ.docx	docx
!学研/夏休み特別指導表.xlsx	xlsx
!学研/季休室についてのお知らせ.docx	docx
!学研/学研不登校向け/八千代台西口教室フライヤー裏面202001.pdf	pdf
!学研/学研事務局宛名.docx	docx
!学研/学研住所送り状.docx	docx
!学研/学研収入202303.xlsx	xlsx
!学研/学研国語教材について。グループ5.docx	docx
!学研/学研生徒分布図.xlsx	xlsx
!学研/学研面談表.xlsx	xlsx
!学研/小学一年生が主語と述語を探して答える問題です.docx	docx
!学研/市進パンフ裏表紙 (1)/市進パンフ表表紙.pdf	pdf
!学研/市進パンフ裏表紙 (1)/市進パンフ裏表紙.pdf	pdf
!学研/年末の休みについてのお知らせ.docx	docx
!学研/幻の夏休み計画表.xlsx	xlsx
!学研/幼児月謝.docx	docx
!学研/教室休止日についてのお知らせ (LAPTOP-NPMMH3FL の競合コピー 2024-11-05).docx	docx
!学研/教室休止日についてのお知らせ.docx	docx
!学研/教材ファイル/infant_chie_1.pdf	pdf
!学研/教材ファイル/infant_chie_2.pdf	pdf
!学研/教材ファイル/infant_kazu_1.pdf	pdf
!学研/教材ファイル/infant_moji_1.pdf	pdf
!学研/教材ファイル/infant_moji_2.pdf	pdf
!学研/教材ファイル/infant_moji_3.pdf	pdf
!学研/教材ファイル/割り算あまりの問題.docx	docx
!学研/数直線とか。算数大作戦。.docx	docx
!学研/時間割について.docx	docx
!学研/月謝に関してのお願い2.docx	docx
!学研/荒川様.docx	docx
!学研/診断テスト「明日の学力」について.docx	docx
!学研/高松家月謝状況.xlsx	xlsx
!学研/髙桑様こんにちは.docx	docx
!教会/2023バザー翌日締め分.xlsx	xlsx
!教会/2023年バザーお釣り付き.xlsx	xlsx
!教会/8月28日　結婚式順序　横.docx	docx
!教会/pop_clipart_vector_042.pdf	pdf
!教会/ミニバザー売上2022.xlsx	xlsx
!教会/八千代福音キリスト教会員名簿2018.xlsx	xlsx
!教会/八千代福音キリスト教会教勢報告書 2019.xlsx	xlsx
!教会/八千代福音キリスト教会教勢報告書 2021.xlsx	xlsx
!教会/八千代福音キリスト教会教勢報告書 2022.xlsx.xlsx	xlsx
!教会/八千代福音教会.xlsx	xlsx
!教会/子供クリスマス会2019/2019kodomochristama.pdf	pdf
!教会/子供クリスマス会2019/ジェスチャーゲームお題 (LAPTOP-NPMMH3FL の競合コピー 2024-11-05).docx	docx
!教会/子供クリスマス会2019/ジェスチャーゲームお題.docx	docx
!教会/子供クリスマス会2019/子供クリスマス会のお知らせ！.docx	docx
!教会/子供クリスマス会2019/２０１９子供クリスマス会プログラム.docx	docx
!教会/教会員名簿3.xlsx	xlsx
!教会/教会資料/2016年度バザー清算表.xlsx	xlsx
!教会/教会資料/2017総会資料/201603-201702経理内わけ.xlsx	xlsx
!教会/教会資料/2017総会資料/信徒総会2017表紙横.pdf	pdf
!教会/教会資料/2017総会資料/八千代福音キリスト教会2016年1月-12月会計報告.xlsx	xlsx
!教会/教会資料/2017総会資料/行事＆会計明細2017.xlsx	xlsx
!教会/教会資料/2017総会資料/２０１６年度会計報告科目別.xlsx	xlsx
!教会/教会資料/2017総会資料/２０１７年度予算について.docx	docx
!教会/教会資料/一月会計報告書合計集.xlsx	xlsx
!教会/教会資料/八千代福音キリスト教会ミニストリー.docx	docx
!教会/教会資料/八千代福音キリスト教会教会　施設循環基金　返済計画書　2021.xlsx	xlsx
!教会/教会資料/八千代福音キリスト教会教会施設循環基金返済計画書２.xlsx	xlsx
!教会/教会資料/日本アライアンスミッション牧師 議事録2017年1月27日.docx	docx
!教会/教勢報告書 2018.xlsx	xlsx
!教会/発達凸凹/20180207発達凸凹カフェ_チラシ案１.pdf	pdf
!教会/発達凸凹/20180207発達凸凹カフェ_当日配布用プログラム.pdf	pdf
!教会/綿貫さんへの手紙.txt	txt
!教会/野外礼拝＆BBQ参加者.xlsx	xlsx
!教会/！カフェ/AshleyAvenue.pdf	pdf
!教会/！カフェ/日曜の夜カフェ・サービス（礼拝）/yorukafe logo.pdf	pdf
!教会/！カフェ/！！ＴＯＤＯ/Yachiyo Misson Center Build.docx	docx
!教会/！教会会計/180413/会計201508_八千代福音教会.xlsx	xlsx
!教会/！教会会計/180413/会計201509_八千代福音教会.xlsx	xlsx
!教会/！教会会計/180413/会計201510_八千代福音教会.xlsx	xlsx
!教会/！教会会計/180413/会計201511_八千代福音教会.xlsx	xlsx
!教会/！教会会計/180413/会計201512_八千代福音教会.xlsx	xlsx
!教会/！教会会計/180413/会計201601_八千代福音教会.xlsx	xlsx
!教会/！教会会計/180413/会計201602_八千代福音教会.xlsx	xlsx
!教会/！教会会計/180413/会計201603_八千代福音教会.xlsx	xlsx
!教会/！教会会計/180413/会計201604_八千代福音教会.xlsx	xlsx
!教会/！教会会計/180413/会計201605_八千代福音教会.xlsx	xlsx
!教会/！教会会計/180413/会計201606_八千代福音教会.xlsx	xlsx
!教会/！教会会計/180413/会計201607_八千代福音教会.xlsx	xlsx
!教会/！教会会計/180413/会計201608_八千代福音教会.xlsx	xlsx
!教会/！教会会計/180413/会計201609_八千代福音教会.xlsx	xlsx
!教会/！教会会計/180413/会計201610_八千代福音教会.xlsx	xlsx
!教会/！教会会計/180413/会計201611_八千代福音教会.xlsx	xlsx
!教会/！教会会計/180413/会計201612_八千代福音教会.xlsx	xlsx
!教会/！教会会計/180413/会計201701_八千代福音教会.xlsx	xlsx
!教会/！教会会計/180413/会計201702_八千代福音教会.xlsx	xlsx
!教会/！教会会計/180413/会計201703_八千代福音教会.xlsx	xlsx
!教会/！教会会計/180413/会計201704_八千代福音教会.xlsx	xlsx
!教会/！教会会計/180413/会計201705_八千代福音教会.xlsx	xlsx
!教会/！教会会計/180413/会計201706_八千代福音教会.xlsx	xlsx
!教会/！教会会計/180413/会計201707_八千代福音教会.xlsx	xlsx
!教会/！教会会計/180413/会計201708_八千代福音教会.xlsx	xlsx
!教会/！教会会計/180413/会計201709_八千代福音教会.xlsx	xlsx
!教会/！教会会計/180413/会計201710_八千代福音教会.xlsx	xlsx
!教会/！教会会計/180413/会計201711_八千代福音教会.xlsx	xlsx
!教会/！教会会計/180413/会計201712_八千代福音教会.xlsx	xlsx
!教会/！教会会計/180413/会計201801_八千代福音教会.xlsx	xlsx
!教会/！教会会計/180413/会計201802_八千代福音教会.xlsx	xlsx
!教会/！教会会計/180413/会計201803_八千代福音教会.xlsx	xlsx
!教会/！教会会計/180413/会計201804_八千代福音教会.xlsx	xlsx
!教会/！教会会計/180413/会計テンプレ2018_八千代福音教会.xlsx	xlsx
!教会/！教会会計/201607_会堂出費.xlsx	xlsx
!教会/！教会会計/2016年4月立て替え分計算表.xlsx	xlsx
!教会/！教会会計/2016年度会計1-12.xlsx	xlsx
!教会/！教会会計/20170408会計/会計201028_八千代福音教会.xlsx	xlsx
!教会/！教会会計/20170408会計/会計201704_八千代福音教会.xlsx	xlsx
!教会/！教会会計/20170408会計/会計201705_八千代福音教会.xlsx	xlsx
!教会/！教会会計/20170408会計/会計201706_八千代福音教会.xlsx	xlsx
!教会/！教会会計/20170408会計/会計201707_八千代福音教会.xlsx	xlsx
!教会/！教会会計/20170408会計/会計201708_八千代福音教会.xlsx	xlsx
!教会/！教会会計/会計201508_八千代福音教会.xlsx	xlsx
!教会/！教会会計/会計201509_八千代福音教会.xlsx	xlsx
!教会/！教会会計/会計201510_八千代福音教会.xlsx	xlsx
!教会/！教会会計/会計201511_八千代福音教会.xlsx	xlsx
!教会/！教会会計/会計201512_八千代福音教会.xlsx	xlsx
!教会/！教会会計/会計201601_八千代福音教会.xlsx	xlsx
!教会/！教会会計/会計201602_八千代福音教会.xlsx	xlsx
!教会/！教会会計/会計201603_八千代福音教会.xlsx	xlsx
!教会/！教会会計/会計201604_八千代福音教会.xlsx	xlsx
!教会/！教会会計/会計201605_八千代福音教会.xlsx	xlsx
!教会/！教会会計/会計201606_八千代福音教会.xlsx	xlsx
!教会/！教会会計/会計201607_八千代福音教会.xlsx	xlsx
!教会/！教会会計/会計201608_八千代福音教会.xlsx	xlsx
!教会/！教会会計/会計201609_八千代福音教会.xlsx	xlsx
!教会/！教会会計/会計201610_八千代福音教会.xlsx	xlsx
!教会/！教会会計/会計201611_八千代福音教会.xlsx	xlsx
!教会/！教会会計/会計201612_八千代福音教会.xlsx	xlsx
!教会/！教会会計/会計201701_八千代福音教会.xlsx	xlsx
!教会/！教会会計/会計201702_八千代福音教会.xlsx	xlsx
!教会/！教会会計/会計201703_八千代福音教会.xlsx	xlsx
!教会/！教会会計/会計201704_八千代福音教会.xlsx	xlsx
!教会/！教会会計/会計201705_八千代福音教会.xlsx	xlsx
!教会/！教会会計/会計201706_八千代福音教会.xlsx	xlsx
!教会/！教会会計/会計201707_八千代福音教会.xlsx	xlsx
!教会/！教会会計/会計201708_八千代福音教会.xlsx	xlsx
!教会/！教会会計/会計201709_八千代福音教会.xlsx	xlsx
!教会/！教会会計/会計201710_八千代福音教会.xlsx	xlsx
!教会/！教会会計/会計201711_八千代福音教会.xlsx	xlsx
!教会/！教会会計/会計201712_八千代福音教会.xlsx	xlsx
!教会/！教会会計/会計201801_八千代福音教会.xlsx	xlsx
!教会/！教会会計/会計201802_八千代福音教会.xlsx	xlsx
!教会/！教会会計/会計201803_八千代福音教会.xlsx	xlsx
!教会/！教会会計/会計201804_八千代福音教会.xlsx	xlsx
!教会/！教会会計/会計テンプレ2018_八千代福音教会.xlsx	xlsx
!教会/！教会会計/会計テンプレ2_八千代福音教会.xlsx	xlsx
!教会/！教会会計/会計テンプレ_八千代福音教会.xlsx	xlsx
!教会/！教会会計/会計集計表_八千代福音教会.xlsx	xlsx
!教会/！教会会計/八千代会計201504＿201603.xlsx	xlsx
!教会/！教会会計/八千代会計201508＿201603.xlsx	xlsx
!教会/！教会会計/八千代福音キリスト教会　201603-201702会計報告.xlsx	xlsx
!教会/！教会会計/教会会計関係/1222準備金3万円内訳.xlsx	xlsx
!教会/！教会会計/教会会計関係/12＿5準備金7万円内訳.xlsx	xlsx
!教会/！教会会計/教会会計関係/201603-201702経理内わけ.xlsx	xlsx
!教会/！教会会計/教会会計関係/NBG23061rbeF1N92z64IEa5p1fy15q0Ra05raaSTgJ0.pdf	pdf
!教会/！教会会計/教会会計関係/信徒総会2017表紙横.pdf	pdf
!教会/！教会会計/教会会計関係/八千代2016教勢報告書.xlsx	xlsx
!教会/！教会会計/教会会計関係/八千代福音キリスト教会2016年1月-12月会計報告.xlsx	xlsx
!教会/！教会会計/教会会計関係/八千代福音キリスト教会　201603-201702会計報告.xlsx	xlsx
!教会/！教会会計/教会会計関係/準備金9万円+アミ川越内訳.xlsx	xlsx
!教会/！教会会計/教会会計関係/２０１６年度会計報告科目別.xlsx	xlsx
!教会/！教会会計/教会会計関係/２０１６０３-２０１７０２通帳/NBG230611xfR4j52Bx8Jlb5d3Ur69i1LeB0a8tTG.pdf	pdf
!教会/！教会会計/教会会計関係/２０１６０３-２０１７０２通帳/NBG23061gbFV1HY3lx88Gb5b7Tr99i1weB2bVBqT2.pdf	pdf
!教会/！教会会計/教会会計関係/２０１６０３-２０１７０２通帳/NBGCD302zawY0PD0Kp8Rna5B1Kj87q14aQ1zC_QxAgO.pdf	pdf
!教会/！教会会計/教会債契約書/宮本愛子金銭消費賃借契約書.docx	docx
!教会/！教会会計/教会債契約書/小牧直美金銭消費賃借契約書.doc	doc
!教会/！教会会計/教会債契約書/岡部グニラ金銭消費賃借契約書.doc	doc
!教会/！教会会計/教会債契約書/川口澄子金銭消費賃借契約書.docx	docx
!教会/！教会会計/教会債契約書/松原金銭消費賃借契約書.doc	doc
!教会/！教会会計/教会債契約書/芳賀洋子金銭消費賃借契約書.doc	doc
!教会/！教会会計/教会債契約書/豊永芳明・眞由美金銭消費賃借契約書.doc	doc
!教会/！教会会計/献金平均.xlsx	xlsx
!教会/！教会共有過去ファイル/2018年度総会資料/2018八千代福音キリスト教会年間行事.xlsx	xlsx
!教会/！教会共有過去ファイル/2018年度総会資料/2018年1月～１２月までの収支報告.xlsx	xlsx
!教会/！教会共有過去ファイル/2018年度総会資料/2019信徒総会資料/2019年信徒総会資料第2版.xlsx	xlsx
!教会/！教会共有過去ファイル/2018年度総会資料/2019信徒総会資料/2019年度信徒総会資料八千代福音キリスト教会.xlsx	xlsx
!教会/！教会共有過去ファイル/2018年度総会資料/2019年度八千代福音キリスト教会会計予算.xlsx	xlsx
!教会/！教会共有過去ファイル/2018年度総会資料/会計報告201701-201712.xlsx	xlsx
!教会/！教会共有過去ファイル/2018年度総会資料/会計報告201701-201801 (2).xlsx	xlsx
!教会/！教会共有過去ファイル/2018年度総会資料/会計報告201701-201801.xlsx	xlsx
!教会/！教会共有過去ファイル/2018年度総会資料/八千代福音キリスト教会住所録2018.docx	docx
!教会/！教会共有過去ファイル/2018年度総会資料/八千代福音キリスト教会員名簿2018.xlsx	xlsx
!教会/！教会共有過去ファイル/2018年度総会資料/八千代福音キリスト教会年間行事予定表.xlsx	xlsx
!教会/！教会共有過去ファイル/2018年度総会資料/２０１８バザー売り上げ.xlsx	xlsx
!教会/！教会共有過去ファイル/会計報告201701-201801.xlsx	xlsx
!教会/！教会共有過去ファイル/八千代福音キリスト教会住所録2018.docx	docx
!教会/！教会共有過去ファイル/八千代福音キリスト教会年間行事予定表.xlsx	xlsx
!教会/！教会共有過去ファイル/日曜の夜カフェ・サービス（礼拝）/1st Session/AshleyAvenue.pdf	pdf
!教会/！教会共有過去ファイル/日曜の夜カフェ・サービス（礼拝）/1st Session/日曜の夜カフェ・サービス（礼拝）1　プログラム.pdf	pdf
!教会/！教会共有過去ファイル/日曜の夜カフェ・サービス（礼拝）/1st Session/日曜の夜カフェ・サービス（礼拝）back.pdf	pdf
!教会/！教会共有過去ファイル/日曜の夜カフェ・サービス（礼拝）/2nd Session/20180119ベルボカフェシフト希望表.xlsx	xlsx
!教会/！教会共有過去ファイル/日曜の夜カフェ・サービス（礼拝）/2nd Session/20180207発達凸凹カフェ_チラシ案１.pdf	pdf
!教会/！教会共有過去ファイル/日曜の夜カフェ・サービス（礼拝）/2nd Session/日曜の夜カフェ・サービス2ND1sheet（礼拝）.pdf	pdf
!教会/！教会共有過去ファイル/日曜の夜カフェ・サービス（礼拝）/2nd Session/日曜の夜カフェ・サービス2ND1sheet（礼拝）2.pdf	pdf
!教会/！教会共有過去ファイル/日曜の夜カフェ・サービス（礼拝）/2nd Session/日曜の夜カフェ・サービス2ND（礼拝）.pdf	pdf
!教会/！教会共有過去ファイル/日曜の夜カフェ・サービス（礼拝）/2nd Session/日曜の夜カフェ・サービス裏2.pdf	pdf
!教会/！教会共有過去ファイル/説教済/20171008使徒の働き14：1-18「人でなく神によるもの」.docx	docx
!教会/！教会共有過去ファイル/説教済/20171022使徒の働き14：19-28「神の国に入る。」.docx	docx
!教会/！教会共有過去ファイル/説教済/20171105使徒の働き15：22-16：5「続いていく神のわざ」.docx	docx
!教会/！教会共有過去ファイル/説教済/20171126使徒の働き16：16-40「主イエスを信じなさい。 そうすれば、 あなたもあなたの家族も救われます」.docx	docx
!教会/！教会共有過去ファイル/説教済/20180121使徒の働き19：1-19「パウロによる奇蹟」.docx	docx
!教会/！教会共有過去ファイル/説教済/20180513使徒23：11-23：35「果たされない誓い」.pptx	pptx
!教会/！教会共有過去ファイル/説教済/2019122マタイ1：18-23「愛するために来られたイエス様」.pptx	pptx
!教会/！教会共有過去ファイル/賛美/shinri.pdf	pdf
!教会/！教会共有過去ファイル/賛美/songbook.pdf	pdf
!教会/！教会共有過去ファイル/賛美/御手の中で.doc	doc
!教会/！賛美/輝く日.docx	docx
!教会/！！アライアンス関係/ABILetter.ACNPastors - J 2020 12 (2).docx	docx
!教会/！！アライアンス関係/ABI推薦文.docx	docx
!教会/！！アライアンス関係/ACN教規/ACN教会憲法改正案ー201107鄭.doc	doc
!教会/！！アライアンス関係/ACN教規/協議会規約集 -- EFCJ Constitution.pdf	pdf
!教会/！！アライアンス関係/ACN牧師メールアドレス (LAPTOP-NPMMH3FL の競合コピー 2024-11-05).txt	txt
!教会/！！アライアンス関係/ACN牧師メールアドレス.txt	txt
!教会/！！アライアンス関係/ACN牧師メールアドレス2.txt	txt
!教会/！！アライアンス関係/ACN議事録/2018年10月15日ＡＣＮ牧師会　議事録.docx	docx
!教会/！！アライアンス関係/ACN議事録/2018年12月10日ＡＣＮ牧師会　議事録.docx	docx
!教会/！！アライアンス関係/ACN議事録/2018年3月12日日本アライアンス･ミッション牧師会議事録.docx	docx
!教会/！！アライアンス関係/ACN議事録/2019年3月18日ＡＣＮ牧師会　議事録.docx	docx
!教会/！！アライアンス関係/ACN議事録/2019年4月15日ＡＣＮ牧師会　議事録.docx	docx
!教会/！！アライアンス関係/ACN議事録/2019年8月19日ＡＣＮ（仮）牧師会議事録（正）.docx	docx
!教会/！！アライアンス関係/ACN議事録/2020年10月5日　ACN牧師会議事録v2.docx	docx
!教会/！！アライアンス関係/ACN議事録/2020年11月9日　ACN牧師会議事録 (1).docx	docx
!教会/！！アライアンス関係/ACN議事録/2020年11月9日　ACN牧師会議事録 (2).docx	docx
!教会/！！アライアンス関係/ACN議事録/2020年11月9日　ACN牧師会議事録.docx	docx
!教会/！！アライアンス関係/ACN議事録/2020年11月9日　ACN牧師会議事録メモ.txt	txt
!教会/！！アライアンス関係/ACN議事録/2020年1月27日ＡＣＮ（仮）議事録.docx	docx
!教会/！！アライアンス関係/ACN議事録/2020年6月1日ＡＣＮ（仮）牧師会議事録.docx	docx
!教会/！！アライアンス関係/ACN議事録/2020年7月20日ACN牧師会議事録.docx	docx
!教会/！！アライアンス関係/ACN議事録/2020年9月7日ACN牧師会議事録（修正版）.docx	docx
!教会/！！アライアンス関係/ACN議事録/2020年9月7日　ACN牧師会議事録_1.docx	docx
!教会/！！アライアンス関係/ACN議事録/20210125ACN牧師会議事録.docx	docx
!教会/！！アライアンス関係/ACN議事録/2021年2月22日（月）　ACN牧師会議事録.docx	docx
!教会/！！アライアンス関係/ACN議事録/2021年4月12日（月）　ACN牧師会議事録.docx	docx
!教会/！！アライアンス関係/ACN議題/2019年2月4日ＡＣＮ牧師会　議題 (2).docx	docx
!教会/！！アライアンス関係/ACN議題/2020年10月5日　ACN牧師会議題.docx	docx
!教会/！！アライアンス関係/ACN議題/2020年１０月５日の牧師会に備えて.docx	docx
!教会/！！アライアンス関係/ACN議題/2021年1月25日（月）　ACN牧師会議題.docx	docx
!教会/！！アライアンス関係/ACN議題/2021年2月22日（月）　ACN牧師会議題..docx	docx
!教会/！！アライアンス関係/ACN議題/2021年2月22日（月）　ACN牧師会議題.docx	docx
!教会/！！アライアンス関係/ACN議題/2021年4月12日（月）　ACN牧師会議題.docx	docx
!教会/！！アライアンス関係/ACN議題/１０月５日ACN牧師会議題.docx	docx
!教会/！！アライアンス関係/acn役員アドレス.txt	txt
!教会/！！アライアンス関係/八千代福音キリスト教会教勢報告書 2019.xlsx	xlsx
!教会/！！アライアンス関係/女性牧師についての見解.docx	docx
!教会/！！アライアンス関係/教勢報告書 2018.xlsx	xlsx
!教会/！！アライアンス関係/日本アライアンス教団教区長各位　修正版.doc	doc
!教会/！！アライアンス関係/牧会学びプログラム、ABI.docx	docx
!教会/！！アライアンス関係/牧師会の報告（アーサー・ラウザー）.pdf	pdf
!教会/！！アライアンス関係/！！按手関係/「聖められた生涯」をよんで.docx	docx
!教会/！！アライアンス関係/！！按手関係/アライアンス牧師按手/アライアンス牧師按手.pdf	pdf
!教会/！！アライアンス関係/！！按手関係/アライアンス牧師按手/暗証聖句セット№1.csv	csv
!教会/！！アライアンス関係/！！按手関係/按手筆記試験.docx	docx
!教会/！！アライアンス関係/！！按手関係/按手関係/暗証聖句セット№1.csv	csv
!教会/！！アライアンス関係/！！按手関係/按手関係/論文2：我々の聖め主キリスト2.docx	docx
!教会/！！アライアンス関係/！！按手関係/按手関係/論文3：我々の癒し主キリスト2.docx	docx
!教会/！！アライアンス関係/！！按手関係/按手関係/論文4：我々の再臨の王キリスト.docx	docx
!教会/！！アライアンス関係/！！按手関係/按手関係/論文5：キリストのからだなる教会.docx	docx
!教会/！！アライアンス関係/！！按手関係/按手関係/論文6：キリストの使命の完遂.docx	docx
!教会/！！アライアンス関係/！！按手関係/按手関係/論文送付分/論文1：我々の救い主キリスト.docx	docx
!教会/！！アライアンス関係/！！按手関係/按手関係/論文送付分/論文2：我々の聖め主キリスト2.docx	docx
!教会/！！アライアンス関係/！！按手関係/按手関係/論文送付分/論文3：我々の癒し主キリスト2.docx	docx
!教会/！！アライアンス関係/！！按手関係/按手関係/論文送付分/論文4：我々の再臨の王キリスト2.docx	docx
!教会/！！アライアンス関係/！！按手関係/牧師按手試験.docx	docx
!教会/！！アライアンス関係/！！按手関係/牧師按手試験＿南雲.docx	docx
!教会/！！アライアンス関係/！！按手関係/牧師按手試験＿南雲.pdf	pdf
!教会/！！アライアンス関係/！！按手関係/終末論論文.docx	docx
!教会/！！アライアンス関係/！！按手関係/論文1：我々の救い主キリスト.docx	docx
!教会/！！アライアンス関係/！！按手関係/論文2：我々の聖め主キリスト2.docx	docx
!教会/！！アライアンス関係/！！按手関係/論文3：我々の癒し主キリスト2.docx	docx
!教会/！！アライアンス関係/！！按手関係/論文4：我々の再臨の王キリスト.docx	docx
!教会/！！アライアンス関係/！！按手関係/論文4：我々の再臨の王キリスト2.docx	docx
!教会/！！アライアンス関係/！！按手関係/論文4：我々の再臨の王キリスト3.docx	docx
!教会/！！アライアンス関係/！！按手関係/論文5：キリストのからだなる教会.docx	docx
!教会/！！アライアンス関係/！！按手関係/論文6：キリストの使命の完遂.docx	docx
!教会/！！教会会計関係/1222準備金3万円内訳.xlsx	xlsx
!教会/！！教会会計関係/12＿5準備金7万円内訳.xlsx	xlsx
!教会/！！教会会計関係/201603-201702経理内わけ.xlsx	xlsx
!教会/！！教会会計関係/20170408会計/会計201704_八千代福音教会.xlsx	xlsx
!教会/！！教会会計関係/20170408会計/会計201705_八千代福音教会.xlsx	xlsx
!教会/！！教会会計関係/20170408会計/会計201706_八千代福音教会.xlsx	xlsx
!教会/！！教会会計関係/20170408会計/会計201707_八千代福音教会.xlsx	xlsx
!教会/！！教会会計関係/20170408会計/会計201708_八千代福音教会.xlsx	xlsx
!教会/！！教会会計関係/201809＿12銀行入金日.xlsx	xlsx
!教会/！！教会会計関係/NBG23061Wdcd9cW9F71tDb3e5oF07q1DjJ1mr9XT.pdf	pdf
!教会/！！教会会計関係/NBG23061rbeF1N92z64IEa5p1fy15q0Ra05raaSTgJ0.pdf	pdf
!教会/！！教会会計関係/信徒総会2017表紙横.pdf	pdf
!教会/！！教会会計関係/八千代2016教勢報告書.xlsx	xlsx
!教会/！！教会会計関係/八千代口座詳細201709＿201802.pdf	pdf
!教会/！！教会会計関係/八千代口座詳細Ｖｉｓａ決済分201709＿201802.pdf	pdf
!教会/！！教会会計関係/八千代福音キリスト教会2016年1月-12月会計報告.xlsx	xlsx
!教会/！！教会会計関係/八千代福音キリスト教会　201603-201702会計報告.xlsx	xlsx
!教会/！！教会会計関係/準備金9万円+アミ川越内訳.xlsx	xlsx
!教会/！！教会会計関係/２０１６年度会計報告科目別.xlsx	xlsx
!教会/！！教会会計関係/２０１６０３-２０１７０２通帳/NBG230611xfR4j52Bx8Jlb5d3Ur69i1LeB0a8tTG.pdf	pdf
!教会/！！教会会計関係/２０１６０３-２０１７０２通帳/NBG23061gbFV1HY3lx88Gb5b7Tr99i1weB2bVBqT2.pdf	pdf
!教会/！！教会会計関係/２０１６０３-２０１７０２通帳/NBGCD302zawY0PD0Kp8Rna5B1Kj87q14aQ1zC_QxAgO.pdf	pdf
!教会/！！教会会計関係/２０１７バザー会計.xlsx	xlsx
!教会/２０１７バザー会計.xlsx	xlsx
!教会/２０１８バザー売り上げ.xlsx	xlsx
!説教/キリスト者の自由と世の不自由.txt	txt
!説教/クリスマスメッセージ/クリスマスメッセージ何やったっけ表.xlsx	xlsx
!説教/メッセージ残り物/キリスト者の自由と世の不自由.txt	txt
!説教/受難週.txt	txt
!説教/早天/!2022/202208/2022・08・06 (土) 創世記3：1-13 Morning Dew.dotx	dotx
!説教/早天/!2023/2023・01・21 (土) 第一サムエル1：1¬-8 Morning Dew.dotx	dotx
!説教/早天/!2024/2024・08・29（木）第２テサロニケ　2-1-12 Morning Dew.docx	docx
!説教/早天/2025・08・17（月）エゼキエル18-21-32 Morning Dew.docx	docx
!説教/早天/2025・09・05（金）ローマ2-17-29 Morning Dew.docx	docx
!説教/早天/2025・10・11（土）ローマ16-1-16 Morning Dew.docx	docx
!説教/早天/2025八千代福音キリスト教会教会員名簿.docx	docx
!説教/早天/KG/KG生徒住所.docx	docx
!説教/早天/~$240216創世記6-1-22「すべて神が命じられたとおりに」.docx	docx
!説教/早天/~$240216創世記6-1-22「すべて神が命じられたとおりに」2.docx	docx
!説教/早天/~$241117創世記2：4-17 「それで人は生きるものとなった。」.docx	docx
!説教/早天/~$250125より.docx	docx
!説教/早天/~$250209創世記5：1-32　「セツとその子孫」.docx	docx
!説教/早天/~$250316創世記9-18-10-32　「セム、ハム、ヤフェテ」.docx	docx
!説教/早天/~$250427創世記12-10-20「アブラム、エジプトへ」.docx	docx
!説教/早天/~$250622創世記17-1-14　「アブラハムとなる。」.docx	docx
!説教/早天/~$250720創世記18-16-33「十人の正しきもの」.docx	docx
!説教/早天/~$250803創世記18-16-22 「滅びるべき場所」.docx	docx
!説教/早天/~$250806やるべきことのリストアップ.docx	docx
!説教/早天/~$250814マニラ行きまでに.docx	docx
!説教/早天/~$251005創世記21-1-14 「主の山に備えあり。」.docx	docx
!説教/早天/~$25・01・05（日）ヨハネの福音書1：43-51 Morning Dew.docx	docx
!説教/早天/~$25・02・14（金）ヨハネの福音書12：20-36 Morning Dew.docx	docx
!説教/早天/~$25・02・15（土）ヨハネの福音書12：37-50 Morning Dew.docx	docx
!説教/早天/~$25・02・24（月）ヨハネの福音書15：9-17 Morning Dew.docx	docx
!説教/早天/~$25・03・07（金）ヨハネの福音書19：1-13 Morning Dew.docx	docx
!説教/早天/~$25・07・20（日）エゼキエル2-1-10 Morning Dew.docx	docx
!説教/早天/~$25・07・23（木）エゼキエル5-1-17 Morning Dew.docx	docx
!説教/早天/~$25・07・23（水）エゼキエル4-1-17 Morning Dew.docx	docx
!説教/早天/~$25・07・27（日）エゼキエル7-14-27 Morning Dew.docx	docx
!説教/早天/~$25・07・28（月）エゼキエル8-1-18 Morning Dew.docx	docx
!説教/早天/~$25・07・29（火）エゼキエル9-1-11 Morning Dew.docx	docx
!説教/早天/~$25・08・05（火）エゼキエル13-1-16 Morning Dew.docx	docx
!説教/早天/~$25・08・18（月）エゼキエル19-1-14 Morning Dew.docx	docx
!説教/早天/~$25・09・04（水）ローマ2-1-16 Morning Dew.docx	docx
!説教/早天/~$25・10・04（土）ローマ13-1-7 Morning Dew.docx	docx
!説教/早天/~$25・10・09（木）ローマ15-14-21 Morning Dew.docx	docx
!説教/早天/~$25・10・16（木）ゼカリヤ3-1-10 Morning Dew.docx	docx
!説教/早天/~$25・10・24（金）ゼカリヤ9-9-17 Morning Dew.docx	docx
!説教/早天/~$25・10・25（土）ゼカリヤ10-1-12 Morning Dew.docx	docx
!説教/早天/~$25・10・26（月）ゼカリヤ12-1-14 Morning Dew.docx	docx
!説教/早天/~$25・11・01（土）第二テモテ1-1-8 Morning Dew.docx	docx
!説教/早天/~$25・11・22（土）ヨシュア記7-16-26 Morning Dew.docx	docx
!説教/早天/~$25・12・12（金）ヨシュア記17-14-18 Morning Dew.docx	docx
!説教/早天/~$25・12・22（月）ヨシュア記22-10-20 Morning Dew.docx	docx
!説教/早天/~$260118創世記29-15-35 「欺かれるヤコブ」.docx	docx
!説教/早天/~$26年4月フィリピン直後TODO.docx	docx
!説教/早天/~$ILY TODO.docx	docx
!説教/早天/~$やすみ泣き声.docx	docx
!説教/早天/~$ゴミ捨てをまわす勢い.docx	docx
!説教/早天/~$ッシュを買いに行く.docx	docx
!説教/早天/~$早天 (LAPTOP-NPMMH3FL の競合コピー 2024-11-05).pptx	pptx
!説教/早天/~$栞.docx	docx
!説教/早天/~$目標３月中に向こうの家がカラッから！.docx	docx
!説教/早天/~$蓮結月テスト.docx	docx
!説教/早天/~$認定テストについて。.docx	docx
!説教/早天/~$越しの段取り.docx	docx
!説教/早天/~$越し明けにしたいこと.docx	docx
!説教/早天/~$金曜日の目標.docx	docx
!説教/早天/~$高等学院八千代台キャンパス年度末へ向けてのスケジュール.docx	docx
!説教/早天/~$２５０１退院後のやるべきこと.docx	docx
!説教/早天/~$２５０３０５ぼんやり未来図.docx	docx
!説教/早天/~$２５０５１６今日やるべきことをまずははっきりさせる.docx	docx
!説教/早天/~$２５１０１５.docx	docx
!説教/早天/~$２６０３フィリピン前TODO.docx	docx
!説教/早天/エズラ註解/ウェスレアン旧約2ヨシュアエステル.pdf	pdf
!説教/早天/エズラ註解/ティンデル：エズラネヘミヤ：キドナー.pdf	pdf
!説教/早天/エズラ註解/ティンデル：ハガイ、ゼカリヤ、マラキ.pdf	pdf
!説教/早天/エズラ註解/新聖書註解旧２ヨシュエス.pdf	pdf
!説教/早天/エズラ註解/現代聖書注解：エズラネヘミヤ：ストロヴァイト.pdf	pdf
!説教/早天/エズラ註解/現代聖書注解：ナホムマラキ：アクティマイヤー.pdf	pdf
!説教/早天/エズラ註解/ＡＴＤ１２小預言書.pdf	pdf
!説教/早天/コード変換表.xlsx	xlsx
!説教/早天/今思ったなりたい人20241016の朝.docx	docx
!説教/早天/早天 (LAPTOP-NPMMH3FL の競合コピー 2024-11-05).pptx	pptx
!説教/早天/早天 [自動保存済み].pptx	pptx
!説教/早天/早天.pptx	pptx
!説教/早天/早天ヘブル順序.xlsx	xlsx
!説教/福音書誰のため？.txt	txt
!説教/！説教（済）/!パワポ/20170212使徒：4：33-5：11「人の心の全てを知る神。」.pptx	pptx
!説教/！説教（済）/!パワポ/20170326使徒6：8-6：15「信仰者の姿とは。」.pptx	pptx
!説教/！説教（済）/!ボツパーツ/The Life Of  Japanese Paster.txt	txt
!説教/！説教（済）/!ボツパーツ/ろーまぼつ.txt	txt
!説教/！説教（済）/!ボツパーツ/エリヤ物語.txt	txt
!説教/！説教（済）/!ボツパーツ/バインダー用マタイ註解書リスト.xlsx	xlsx
!説教/！説教（済）/!ボツパーツ/バインダー用ロマ書註解書リスト.xlsx	xlsx
!説教/！説教（済）/!ボツパーツ/子供の部活.txt	txt
!説教/！説教（済）/!ボツパーツ/ｐｄｆ20191013ヨナ1：1-17「主のことばがあった。」.pdf	pdf
!説教/！説教（済）/2016/~$26・1・1（木）第一ヨハネ1-1-10 Morning Dew.docx	docx
!説教/！説教（済）/2017使徒/~$250420第一コリント15：50-58「復活という勝利」.docx	docx
!説教/！説教（済）/2018/~$180923ローマ3：9-24「すべての人の罪とそのあがない。」.docx	docx
!説教/！説教（済）/2018/~$181118ローマ5：1-11「神を喜ぶものへ」.docx	docx
!説教/！説教（済）/2020（マタイ）/マタイ釈義表2020.xlsx	xlsx
!説教/！説教（済）/2022　（マタイ、黙示録、ピリピ）/~$221120ピリピ4-1-23「何も思い煩わない。」.docx	docx
!説教/！説教（済）/2022　（マタイ、黙示録、ピリピ）/~$250105　創世記3：20-24 「エデン追放」.docx	docx
!説教/！説教（済）/2024・09・11（水）ネヘミヤ記6-15-7-4 Morning Dew.docx	docx
!説教/！説教（済）/~$250615創世記16-1-7　「サライとハガル」.docx	docx
!説教/！説教（済）/マタイ釈義表2020.xlsx	xlsx
!説教/！説教（済）/学籍番号.docx	docx
!賛美/TOWAUTAGAKUFU.pdf	pdf
!賛美/kokorokara.pdf	pdf
!賛美/michi.pdf	pdf
!賛美/shinri.pdf	pdf
!賛美/songbook.pdf	pdf
Cubase_Artist_14_0_Operation_Manual_ja.pdf	pdf
DUO3.0 (LAPTOP-NPMMH3FL の競合コピー 2024-11-05).xlsx	xlsx
DUO3.0.xlsx	xlsx
KGC共有/KGレポート/レポート解答/01.国語/R5国語表現(解答).pdf	pdf
KGC共有/KGレポート/レポート解答/01.国語/R5文学国語(解答).pdf	pdf
KGC共有/KGレポート/レポート解答/01.国語/R5現代の国語(解答).pdf	pdf
KGC共有/KGレポート/レポート解答/01.国語/R5言語文化(解答).pdf	pdf
KGC共有/KGレポート/レポート解答/02.地歴/R5世界史探究（解答）.pdf	pdf
KGC共有/KGレポート/レポート解答/02.地歴/R5地理探究(解答).pdf	pdf
KGC共有/KGレポート/レポート解答/02.地歴/R5地理総合（問題）.pdf	pdf
KGC共有/KGレポート/レポート解答/02.地歴/R5地理総合（解答）.pdf	pdf
KGC共有/KGレポート/レポート解答/02.地歴/R5日本史探究（解答）.pdf	pdf
KGC共有/KGレポート/レポート解答/02.地歴/R5歴史総合(解答).pdf	pdf
KGC共有/KGレポート/レポート解答/03.公民/R5倫理(解答).pdf	pdf
KGC共有/KGレポート/レポート解答/03.公民/R5公共（解答）.pdf	pdf
KGC共有/KGレポート/レポート解答/03.公民/R5政治・経済（解答）.pdf	pdf
KGC共有/KGレポート/レポート解答/04.数学/R5数学Ⅰ(解答).pdf	pdf
KGC共有/KGレポート/レポート解答/04.数学/R5数学Ⅱ(解答).pdf	pdf
KGC共有/KGレポート/レポート解答/04.数学/R5数学Ⅲ（解答）.pdf	pdf
KGC共有/KGレポート/レポート解答/04.数学/R5数学Ａ(解答).pdf	pdf
KGC共有/KGレポート/レポート解答/04.数学/R5数学Ｂ(解答) 20230616訂正.pdf	pdf
KGC共有/KGレポート/レポート解答/05.理科/R5化学(解答).pdf	pdf
KGC共有/KGレポート/レポート解答/05.理科/R5化学基礎(解答).pdf	pdf
KGC共有/KGレポート/レポート解答/05.理科/R5物理(解答).pdf	pdf
KGC共有/KGレポート/レポート解答/05.理科/R5物理基礎（解答）.pdf	pdf
KGC共有/KGレポート/レポート解答/05.理科/R5生物(解答).pdf	pdf
KGC共有/KGレポート/レポート解答/05.理科/R5生物基礎(解答).pdf	pdf
KGC共有/KGレポート/レポート解答/05.理科/R5科学と人間生活(解答).pdf	pdf
KGC共有/KGレポート/レポート解答/06.保健体育/R5体育１(解答).pdf	pdf
KGC共有/KGレポート/レポート解答/06.保健体育/R5体育２(解答).pdf	pdf
KGC共有/KGレポート/レポート解答/06.保健体育/R5体育３(解答).pdf	pdf
KGC共有/KGレポート/レポート解答/06.保健体育/R5体育４(解答).pdf	pdf
KGC共有/KGレポート/レポート解答/06.保健体育/R5保健１(解答).pdf	pdf
KGC共有/KGレポート/レポート解答/06.保健体育/R5保健２(解答).pdf	pdf
KGC共有/KGレポート/レポート解答/07.芸術/R5書道Ⅰ(解答).pdf	pdf
KGC共有/KGレポート/レポート解答/07.芸術/R5音楽Ⅰ(解答).pdf	pdf
KGC共有/KGレポート/レポート解答/08.外国語(英語)/R5 英語コミュニケーションⅠレポート（模範解答）.pdf	pdf
KGC共有/KGレポート/レポート解答/08.外国語(英語)/R5 論理・表現Ⅰ(模範解答).pdf	pdf
KGC共有/KGレポート/レポート解答/08.外国語(英語)/R5英語コミュニケーションⅡ（模範解答）.pdf	pdf
KGC共有/KGレポート/レポート解答/09.家庭・情報/R5家庭総合(解答).pdf	pdf
KGC共有/KGレポート/レポート解答/09.家庭・情報/R5情報Ⅰ(解答).pdf	pdf
KGC共有/KGレポート/レポート解答/10.総合/R5総合的な探究(学習)の時間１(解答).pdf	pdf
KGC共有/KGレポート/レポート解答/10.総合/R5総合的な探究(学習)の時間２(解答).pdf	pdf
KGC共有/KGレポート/レポート解答/10.総合/R5総合的な探究(学習)の時間３(解答).pdf	pdf
KGC共有/KGレポート/レポート解答/10.総合/R5総合的な探究(学習)の時間４(解答).pdf	pdf
KGC共有/KGレポート/レポート解答/10.総合/R5総合的な探究(学習)の時間５(解答).pdf	pdf
KGC共有/KGレポート/レポート解答/10.総合/R5総合的な探究(学習)の時間６(解答).pdf	pdf
KGC共有/KGレポート/レポート解答/11.学校設定/R5数学入門(解答).pdf	pdf
KGC共有/KGレポート/レポート解答/11.学校設定/R5産業社会と人間(解答).pdf	pdf
KGC共有/KGレポート/レポート解答/11.学校設定/R5論理国語入門(解答).pdf	pdf
KGC共有/KGレポート/綜合的な探求/【教材】総合的な探究(学習)の時間/R5総合レポート教材一覧.pdf	pdf
KGC共有/KGレポート/綜合的な探求/【教材】総合的な探究(学習)の時間/総合的な探究(学習)の時間１_教材.pdf	pdf
KGC共有/KGレポート/綜合的な探求/【教材】総合的な探究(学習)の時間/総合的な探究(学習)の時間２_教材.pdf	pdf
KGC共有/KGレポート/綜合的な探求/【教材】総合的な探究(学習)の時間/総合的な探究(学習)の時間３_教材.pdf	pdf
KGC共有/KGレポート/綜合的な探求/【教材】総合的な探究(学習)の時間/総合的な探究(学習)の時間４_教材.pdf	pdf
KGC共有/KGレポート/綜合的な探求/【教材】総合的な探究(学習)の時間/総合的な探究(学習)の時間５_教材.pdf	pdf
KGC共有/KGレポート/綜合的な探求/【教材】総合的な探究(学習)の時間/総合的な探究(学習)の時間６_教材.pdf	pdf
KGC共有/KGレポート/綜合的な探求/総合1/R5総合的な探究(学習)の時間１(問題).pdf	pdf
KGC共有/KGレポート/綜合的な探求/総合1/R5総合的な探究(学習)の時間１(提出用紙).pdf	pdf
KGC共有/KGレポート/綜合的な探求/総合2/R5総合的な探究(学習)の時間２(問題).pdf	pdf
KGC共有/KGレポート/綜合的な探求/総合2/R5総合的な探究(学習)の時間２(提出用紙).pdf	pdf
KGC共有/KGレポート/綜合的な探求/総合3/R5総合的な探究(学習)の時間３(問題).pdf	pdf
KGC共有/KGレポート/綜合的な探求/総合3/R5総合的な探究(学習)の時間３(提出用紙).pdf	pdf
KGC共有/KGレポート/綜合的な探求/総合4/R5総合的な探究(学習)の時間４(問題).pdf	pdf
KGC共有/KGレポート/綜合的な探求/総合4/R5総合的な探究(学習)の時間４(提出用紙).pdf	pdf
KGC共有/KGレポート/綜合的な探求/総合5/R5総合的な探究(学習)の時間５(問題).pdf	pdf
KGC共有/KGレポート/綜合的な探求/総合5/R5総合的な探究(学習)の時間５(提出用紙).pdf	pdf
KGC共有/KGレポート/綜合的な探求/総合6/R5総合的な探究(学習)の時間６(問題).pdf	pdf
KGC共有/KGレポート/綜合的な探求/総合6/R5総合的な探究(学習)の時間６(提出用紙).pdf	pdf
KGC共有/KGレポート/視聴票解答/01.国語/国語表現/DVD/2023視聴票【国語表現①教科書DVD】解答.pdf	pdf
KGC共有/KGレポート/視聴票解答/01.国語/国語表現/DVD/2023視聴票【国語表現②教科書DVD】解答.pdf	pdf
KGC共有/KGレポート/視聴票解答/01.国語/国語表現/DVD/2023視聴票【国語表現③教科書DVD】解答.pdf	pdf
KGC共有/KGレポート/視聴票解答/01.国語/国語表現/DVD/2023視聴票【国語表現④教科書DVD】解答.pdf	pdf
KGC共有/KGレポート/視聴票解答/01.国語/国語表現/NHK/2023視聴票【国語表現①NHK高校講座】解答.pdf	pdf
KGC共有/KGレポート/視聴票解答/01.国語/国語表現/NHK/2023視聴票【国語表現②NHK高校講座】解答.pdf	pdf
KGC共有/KGレポート/視聴票解答/01.国語/国語表現/NHK/2023視聴票【国語表現③NHK高校講座】解答.pdf	pdf
KGC共有/KGレポート/視聴票解答/01.国語/国語表現/NHK/2023視聴票【国語表現➃NHK高校講座】解答.pdf	pdf
KGC共有/KGレポート/視聴票解答/01.国語/文学国語（現代文B）/DVD/2023視聴票【文学国語(現代文B)①教科書DVD】解答.pdf	pdf
KGC共有/KGレポート/視聴票解答/01.国語/文学国語（現代文B）/DVD/2023視聴票【文学国語(現代文B)②教科書DVD】解答.pdf	pdf
KGC共有/KGレポート/視聴票解答/01.国語/文学国語（現代文B）/DVD/2023視聴票【文学国語(現代文B)③教科書DVD】解答.pdf	pdf
KGC共有/KGレポート/視聴票解答/01.国語/文学国語（現代文B）/DVD/2023視聴票【文学国語(現代文B)④教科書DVD】解答.pdf	pdf
KGC共有/KGレポート/視聴票解答/01.国語/文学国語（現代文B）/NHK/2023視聴票【文学国語①NHK高校講座】解答.pdf	pdf
KGC共有/KGレポート/視聴票解答/01.国語/文学国語（現代文B）/NHK/2023視聴票【文学国語②NHK高校講座】解答.pdf	pdf
KGC共有/KGレポート/視聴票解答/01.国語/現代の国語（国語総合①）/DVD/2023視聴票【現代の国語①教科書DVD】解答.pdf	pdf
KGC共有/KGレポート/視聴票解答/01.国語/現代の国語（国語総合①）/DVD/2023視聴票【現代の国語②教科書DVD】解答.pdf	pdf
KGC共有/KGレポート/視聴票解答/01.国語/現代の国語（国語総合①）/NHK/2023視聴票【現代の国語①NHK高校講座】解答.pdf	pdf
KGC共有/KGレポート/視聴票解答/01.国語/現代の国語（国語総合①）/NHK/2023視聴票【現代の国語②NHK高校講座】解答.pdf	pdf
KGC共有/KGレポート/視聴票解答/01.国語/言語文化（国語総合②）/DVD/2023視聴票【言語文化①教科書DVD】解答.pdf	pdf
KGC共有/KGレポート/視聴票解答/01.国語/言語文化（国語総合②）/DVD/2023視聴票【言語文化②教科書DVD】解答.pdf	pdf
KGC共有/KGレポート/視聴票解答/01.国語/言語文化（国語総合②）/NHK/2023視聴票【言語文化①NHK高校講座】解答.pdf	pdf
KGC共有/KGレポート/視聴票解答/01.国語/言語文化（国語総合②）/NHK/2023視聴票【言語文化②NHK高校講座】解答.pdf	pdf
KGC共有/KGレポート/視聴票解答/02.地理歴史/世界史探究（世界史B）/DVD/2023視聴票【世界史探究(世界史B)①教科書DVD】解答.pdf	pdf
KGC共有/KGレポート/視聴票解答/02.地理歴史/世界史探究（世界史B）/DVD/2023視聴票【世界史探究(世界史B)②教科書DVD】解答.pdf	pdf
KGC共有/KGレポート/視聴票解答/02.地理歴史/世界史探究（世界史B）/DVD/2023視聴票【世界史探究(世界史B)③教科書DVD】解答.pdf	pdf
KGC共有/KGレポート/視聴票解答/02.地理歴史/世界史探究（世界史B）/DVD/2023視聴票【世界史探究(世界史B)④教科書DVD】解答.pdf	pdf
KGC共有/KGレポート/視聴票解答/02.地理歴史/世界史探究（世界史B）/NHK/2023視聴票【世界史探究(世界史Ｂ)①NHK高校講座】解答.pdf	pdf
KGC共有/KGレポート/視聴票解答/02.地理歴史/世界史探究（世界史B）/NHK/2023視聴票【世界史探究(世界史Ｂ)②NHK高校講座】解答.pdf	pdf
KGC共有/KGレポート/視聴票解答/02.地理歴史/世界史探究（世界史B）/NHK/2023視聴票【世界史探究(世界史Ｂ)③NHK高校講座】解答.pdf	pdf
KGC共有/KGレポート/視聴票解答/02.地理歴史/世界史探究（世界史B）/NHK/2023視聴票【世界史探究(世界史Ｂ)④NHK高校講座】解答.pdf	pdf
KGC共有/KGレポート/視聴票解答/02.地理歴史/地理探究（地理B）/DVD/2023視聴票【地理探究（地理Ｂ）①教科書DVD】解答.pdf	pdf
KGC共有/KGレポート/視聴票解答/02.地理歴史/地理探究（地理B）/DVD/2023視聴票【地理探究（地理Ｂ）②教科書DVD】解答.pdf	pdf
KGC共有/KGレポート/視聴票解答/02.地理歴史/地理探究（地理B）/DVD/2023視聴票【地理探究（地理Ｂ）③教科書DVD】解答.pdf	pdf
KGC共有/KGレポート/視聴票解答/02.地理歴史/地理探究（地理B）/DVD/2023視聴票【地理探究（地理Ｂ）④教科書DVD】解答.pdf	pdf
KGC共有/KGレポート/視聴票解答/02.地理歴史/地理探究（地理B）/NHK/2023視聴票【地理探究(地理B)①NHK高校講座】解答.pdf	pdf
KGC共有/KGレポート/視聴票解答/02.地理歴史/地理探究（地理B）/NHK/2023視聴票【地理探究(地理B)②NHK高校講座】解答.pdf	pdf
KGC共有/KGレポート/視聴票解答/02.地理歴史/地理探究（地理B）/NHK/2023視聴票【地理探究(地理B)③NHK高校講座】解答.pdf	pdf
KGC共有/KGレポート/視聴票解答/02.地理歴史/地理探究（地理B）/NHK/2023視聴票【地理探究(地理B)④NHK高校講座】解答.pdf	pdf
KGC共有/KGレポート/視聴票解答/02.地理歴史/地理総合/DVD/2023視聴票【地理総合①教科書DVD】解答.pdf	pdf
KGC共有/KGレポート/視聴票解答/02.地理歴史/地理総合/DVD/2023視聴票【地理総合②教科書DVD】解答.pdf	pdf
KGC共有/KGレポート/視聴票解答/02.地理歴史/地理総合/NHK/2023視聴票【地理総合①NHK高校講座】解答.pdf	pdf
KGC共有/KGレポート/視聴票解答/02.地理歴史/地理総合/NHK/2023視聴票【地理総合②NHK高校講座】解答.pdf	pdf
KGC共有/KGレポート/視聴票解答/02.地理歴史/日本史探究（日本史B）/DVD/2023視聴票【日本史探究（日本史B）①教科書DVD】解答.pdf	pdf
KGC共有/KGレポート/視聴票解答/02.地理歴史/日本史探究（日本史B）/DVD/2023視聴票【日本史探究（日本史B）②教科書DVD】解答.pdf	pdf
KGC共有/KGレポート/視聴票解答/02.地理歴史/日本史探究（日本史B）/DVD/2023視聴票【日本史探究（日本史B）③教科書DVD】解答.pdf	pdf
KGC共有/KGレポート/視聴票解答/02.地理歴史/日本史探究（日本史B）/DVD/2023視聴票【日本史探究（日本史B）④教科書DVD】解答.pdf	pdf
KGC共有/KGレポート/視聴票解答/02.地理歴史/日本史探究（日本史B）/NHK/2023視聴票【日本史探究①NHK高校講座】解答.pdf	pdf
KGC共有/KGレポート/視聴票解答/02.地理歴史/日本史探究（日本史B）/NHK/2023視聴票【日本史探究②NHK高校講座】解答.pdf	pdf
KGC共有/KGレポート/視聴票解答/02.地理歴史/歴史総合/DVD/2023視聴票【歴史総合①教科書DVD】解答.pdf	pdf
KGC共有/KGレポート/視聴票解答/02.地理歴史/歴史総合/DVD/2023視聴票【歴史総合②教科書DVD】解答.pdf	pdf
KGC共有/KGレポート/視聴票解答/02.地理歴史/歴史総合/NHK/2023視聴票【歴史総合①NHK高校講座】解答.pdf	pdf
KGC共有/KGレポート/視聴票解答/02.地理歴史/歴史総合/NHK/2023視聴票【歴史総合②NHK高校講座】解答.pdf	pdf
KGC共有/KGレポート/視聴票解答/03.公民/倫理/DVD/2023視聴票【倫理①教科書DVD】解答.pdf	pdf
KGC共有/KGレポート/視聴票解答/03.公民/倫理/DVD/2023視聴票【倫理②教科書DVD】解答.pdf	pdf
KGC共有/KGレポート/視聴票解答/03.公民/倫理/NHK/2023視聴票【倫理①NHK高校講座】解答.pdf	pdf
KGC共有/KGレポート/視聴票解答/03.公民/倫理/NHK/2023視聴票【倫理②NHK高校講座】解答.pdf	pdf
KGC共有/KGレポート/視聴票解答/03.公民/公共（現代社会）/DVD/2023視聴票【公共①教科書DVD】解答.pdf	pdf
KGC共有/KGレポート/視聴票解答/03.公民/公共（現代社会）/DVD/2023視聴票【公共②教科書DVD】解答.pdf	pdf
KGC共有/KGレポート/視聴票解答/03.公民/公共（現代社会）/NHK/2023視聴票【公共①NHK高校講座】解答.pdf	pdf
KGC共有/KGレポート/視聴票解答/03.公民/公共（現代社会）/NHK/2023視聴票【公共②NHK高校講座】解答.pdf	pdf
KGC共有/KGレポート/視聴票解答/03.公民/政治・経済/DVD/2023視聴票【政治・経済①教科書DVD】解答.pdf	pdf
KGC共有/KGレポート/視聴票解答/03.公民/政治・経済/DVD/2023視聴票【政治・経済②教科書DVD】解答.pdf	pdf
KGC共有/KGレポート/視聴票解答/03.公民/政治・経済/NHK/2023視聴票【政治・経済①NHK高校講座】解答.pdf	pdf
KGC共有/KGレポート/視聴票解答/03.公民/政治・経済/NHK/2023視聴票【政治・経済②NHK高校講座】解答.pdf	pdf
KGC共有/KGレポート/視聴票解答/04.数学/数学A/DVD/2023視聴票【数学A①教科書DVD】解答.pdf	pdf
KGC共有/KGレポート/視聴票解答/04.数学/数学A/DVD/2023視聴票【数学A②教科書DVD】解答.pdf	pdf
KGC共有/KGレポート/視聴票解答/04.数学/数学A/NHK/2023視聴票【数学A①NHK高校講座】解答.pdf	pdf
KGC共有/KGレポート/視聴票解答/04.数学/数学B/2023視聴票【数学B①教科書DVD】解答.pdf	pdf
KGC共有/KGレポート/視聴票解答/04.数学/数学B/2023視聴票【数学B②教科書DVD】解答.pdf	pdf
KGC共有/KGレポート/視聴票解答/04.数学/数学Ⅰ/DVD/2023視聴票【数学Ⅰ①教科書DVD】解答.pdf	pdf
KGC共有/KGレポート/視聴票解答/04.数学/数学Ⅰ/DVD/2023視聴票【数学Ⅰ②教科書DVD】解答.pdf	pdf
KGC共有/KGレポート/視聴票解答/04.数学/数学Ⅰ/DVD/2023視聴票【数学Ⅰ③教科書DVD】解答.pdf	pdf
KGC共有/KGレポート/視聴票解答/04.数学/数学Ⅰ/DVD/2023視聴票【数学Ⅰ④教科書DVD】解答.pdf	pdf
KGC共有/KGレポート/視聴票解答/04.数学/数学Ⅰ/NHK/2023視聴票【数学Ⅰ①NHK高校講座】解答.pdf	pdf
KGC共有/KGレポート/視聴票解答/04.数学/数学Ⅰ/NHK/2023視聴票【数学Ⅰ②NHK高校講座】解答.pdf	pdf
KGC共有/KGレポート/視聴票解答/04.数学/数学Ⅰ/NHK/2023視聴票【数学Ⅰ③NHK高校講座】解答.pdf	pdf
KGC共有/KGレポート/視聴票解答/04.数学/数学Ⅰ/NHK/2023視聴票【数学Ⅰ④NHK高校講座】解答.pdf	pdf
KGC共有/KGレポート/視聴票解答/04.数学/数学Ⅱ/DVD/2023視聴票【数学Ⅱ①教科書DVD】解答.pdf	pdf
KGC共有/KGレポート/視聴票解答/04.数学/数学Ⅱ/DVD/2023視聴票【数学Ⅱ②教科書DVD】解答.pdf	pdf
KGC共有/KGレポート/視聴票解答/04.数学/数学Ⅱ/DVD/2023視聴票【数学Ⅱ③教科書DVD】解答.pdf	pdf
KGC共有/KGレポート/視聴票解答/04.数学/数学Ⅱ/DVD/2023視聴票【数学Ⅱ④教科書DVD】解答.pdf	pdf
KGC共有/KGレポート/視聴票解答/04.数学/数学Ⅱ/NHK/2023視聴票【数学Ⅱ①NHK高校講座】解答.pdf	pdf
KGC共有/KGレポート/視聴票解答/04.数学/数学Ⅱ/NHK/2023視聴票【数学Ⅱ②NHK高校講座】解答.pdf	pdf
KGC共有/KGレポート/視聴票解答/04.数学/数学Ⅱ/NHK/2023視聴票【数学Ⅱ③NHK高校講座】解答.pdf	pdf
KGC共有/KGレポート/視聴票解答/04.数学/数学Ⅱ/NHK/2023視聴票【数学Ⅱ④NHK高校講座】解答.pdf	pdf
KGC共有/KGレポート/視聴票解答/04.数学/数学Ⅲ/2023視聴票【数学Ⅲ①教科書DVD】解答.pdf	pdf
KGC共有/KGレポート/視聴票解答/04.数学/数学Ⅲ/2023視聴票【数学Ⅲ②教科書DVD】解答.pdf	pdf
KGC共有/KGレポート/視聴票解答/04.数学/数学Ⅲ/2023視聴票【数学Ⅲ③教科書DVD】解答.pdf	pdf
KGC共有/KGレポート/視聴票解答/04.数学/数学Ⅲ/2023視聴票【数学Ⅲ④教科書DVD】解答.pdf	pdf
KGC共有/KGレポート/視聴票解答/04.数学/数学Ⅲ/2023視聴票【数学Ⅲ⑤教科書DVD】解答.pdf	pdf
KGC共有/KGレポート/視聴票解答/04.数学/数学Ⅲ/2023視聴票【数学Ⅲ⑥教科書DVD】解答.pdf	pdf
KGC共有/KGレポート/視聴票解答/05.理科/化学/2023視聴票_解答【化学①】.pdf	pdf
KGC共有/KGレポート/視聴票解答/05.理科/化学/2023視聴票_解答【化学②】.pdf	pdf
KGC共有/KGレポート/視聴票解答/05.理科/化学/2023視聴票_解答【化学③】.pdf	pdf
KGC共有/KGレポート/視聴票解答/05.理科/化学/2023視聴票_解答【化学④】.pdf	pdf
KGC共有/KGレポート/視聴票解答/05.理科/化学/2023視聴票_解答【化学⑤】.pdf	pdf
KGC共有/KGレポート/視聴票解答/05.理科/化学/2023視聴票_解答【化学⑥】.pdf	pdf
KGC共有/KGレポート/視聴票解答/05.理科/化学/2023視聴票_解答【化学⑦】.pdf	pdf
KGC共有/KGレポート/視聴票解答/05.理科/化学/2023視聴票_解答【化学⑧】.pdf	pdf
KGC共有/KGレポート/視聴票解答/05.理科/化学/2023視聴票_解答【化学⑨】.pdf	pdf
KGC共有/KGレポート/視聴票解答/05.理科/化学/2023視聴票_解答【化学⑩】.pdf	pdf
KGC共有/KGレポート/視聴票解答/05.理科/化学/2023視聴票_解答【化学⑪】.pdf	pdf
KGC共有/KGレポート/視聴票解答/05.理科/化学/2023視聴票_解答【化学⑫】.pdf	pdf
KGC共有/KGレポート/視聴票解答/05.理科/化学/2023視聴票_解答【化学⑬】.pdf	pdf
KGC共有/KGレポート/視聴票解答/05.理科/化学/2023視聴票_解答【化学⑭】.pdf	pdf
KGC共有/KGレポート/視聴票解答/05.理科/化学/2023視聴票_解答【化学⑮】.pdf	pdf
KGC共有/KGレポート/視聴票解答/05.理科/化学/2023視聴票_解答【化学⑯】.pdf	pdf
KGC共有/KGレポート/視聴票解答/05.理科/化学基礎/DVD/2023視聴票【化学基礎①教科書DVD】解答.pdf	pdf
KGC共有/KGレポート/視聴票解答/05.理科/化学基礎/DVD/2023視聴票【化学基礎②教科書DVD】解答.pdf	pdf
KGC共有/KGレポート/視聴票解答/05.理科/化学基礎/DVD/2023視聴票【化学基礎③教科書DVD】解答.pdf	pdf
KGC共有/KGレポート/視聴票解答/05.理科/化学基礎/DVD/2023視聴票【化学基礎④教科書DVD】解答.pdf	pdf
KGC共有/KGレポート/視聴票解答/05.理科/化学基礎/DVD/2023視聴票【化学基礎⑤教科書DVD】解答.pdf	pdf
KGC共有/KGレポート/視聴票解答/05.理科/化学基礎/DVD/2023視聴票【化学基礎⑥教科書DVD】解答.pdf	pdf
KGC共有/KGレポート/視聴票解答/05.理科/化学基礎/DVD/2023視聴票【化学基礎⑦教科書DVD】解答.pdf	pdf
KGC共有/KGレポート/視聴票解答/05.理科/化学基礎/DVD/2023視聴票【化学基礎⑧教科書DVD】解答.pdf	pdf
KGC共有/KGレポート/視聴票解答/05.理科/化学基礎/NHK/2023視聴票【化学基礎①NHK高校講座】解答.pdf	pdf
KGC共有/KGレポート/視聴票解答/05.理科/化学基礎/NHK/2023視聴票【化学基礎②NHK高校講座】解答.pdf	pdf
KGC共有/KGレポート/視聴票解答/05.理科/化学基礎/NHK/2023視聴票【化学基礎③NHK高校講座】解答.pdf	pdf
KGC共有/KGレポート/視聴票解答/05.理科/化学基礎/NHK/2023視聴票【化学基礎④NHK高校講座】解答.pdf	pdf
KGC共有/KGレポート/視聴票解答/05.理科/化学基礎/NHK/2023視聴票【化学基礎⑤NHK高校講座】解答.pdf	pdf
KGC共有/KGレポート/視聴票解答/05.理科/化学基礎/NHK/2023視聴票【化学基礎⑥NHK高校講座】解答.pdf	pdf
KGC共有/KGレポート/視聴票解答/05.理科/化学基礎/NHK/2023視聴票【化学基礎⑦NHK高校講座】解答.pdf	pdf
KGC共有/KGレポート/視聴票解答/05.理科/化学基礎/NHK/2023視聴票【化学基礎⑧NHK高校講座】解答.pdf	pdf
KGC共有/KGレポート/視聴票解答/05.理科/物理/2023視聴票【物理①教科書DVD】解答.pdf	pdf
KGC共有/KGレポート/視聴票解答/05.理科/物理/2023視聴票【物理②教科書DVD】解答.pdf	pdf
KGC共有/KGレポート/視聴票解答/05.理科/物理/2023視聴票【物理③教科書DVD】解答.pdf	pdf
KGC共有/KGレポート/視聴票解答/05.理科/物理/2023視聴票【物理④教科書DVD】解答.pdf	pdf
KGC共有/KGレポート/視聴票解答/05.理科/物理/2023視聴票【物理⑤教科書DVD】解答.pdf	pdf
KGC共有/KGレポート/視聴票解答/05.理科/物理/2023視聴票【物理⑥教科書DVD】解答.pdf	pdf
KGC共有/KGレポート/視聴票解答/05.理科/物理/2023視聴票【物理⑦教科書DVD】解答.pdf	pdf
KGC共有/KGレポート/視聴票解答/05.理科/物理/2023視聴票【物理⑧教科書DVD】解答.pdf	pdf
KGC共有/KGレポート/視聴票解答/05.理科/物理/2023視聴票【物理⑨教科書DVD】解答.pdf	pdf
KGC共有/KGレポート/視聴票解答/05.理科/物理/2023視聴票【物理⑩教科書DVD】解答.pdf	pdf
KGC共有/KGレポート/視聴票解答/05.理科/物理/2023視聴票【物理⑪教科書DVD】解答.pdf	pdf
KGC共有/KGレポート/視聴票解答/05.理科/物理/2023視聴票【物理⑫教科書DVD】解答.pdf	pdf
KGC共有/KGレポート/視聴票解答/05.理科/物理/2023視聴票【物理⑬教科書DVD】解答.pdf	pdf
KGC共有/KGレポート/視聴票解答/05.理科/物理/2023視聴票【物理⑭教科書DVD】解答.pdf	pdf
KGC共有/KGレポート/視聴票解答/05.理科/物理/2023視聴票【物理⑮教科書DVD】解答.pdf	pdf
KGC共有/KGレポート/視聴票解答/05.理科/物理/2023視聴票【物理⑯教科書DVD】解答.pdf	pdf
KGC共有/KGレポート/視聴票解答/05.理科/物理基礎/DVD/2023視聴票【物理基礎①教科書DVD】解答.pdf	pdf
KGC共有/KGレポート/視聴票解答/05.理科/物理基礎/DVD/2023視聴票【物理基礎②教科書DVD】解答.pdf	pdf
KGC共有/KGレポート/視聴票解答/05.理科/物理基礎/DVD/2023視聴票【物理基礎③教科書DVD】解答.pdf	pdf
KGC共有/KGレポート/視聴票解答/05.理科/物理基礎/DVD/2023視聴票【物理基礎④教科書DVD】解答.pdf	pdf
KGC共有/KGレポート/視聴票解答/05.理科/物理基礎/DVD/2023視聴票【物理基礎⑤教科書DVD】解答.pdf	pdf
KGC共有/KGレポート/視聴票解答/05.理科/物理基礎/DVD/2023視聴票【物理基礎⑥教科書DVD】解答.pdf	pdf
KGC共有/KGレポート/視聴票解答/05.理科/物理基礎/DVD/2023視聴票【物理基礎⑦教科書DVD】解答.pdf	pdf
KGC共有/KGレポート/視聴票解答/05.理科/物理基礎/DVD/2023視聴票【物理基礎⑧教科書DVD】解答.pdf	pdf
KGC共有/KGレポート/視聴票解答/05.理科/物理基礎/NHK/2023視聴票【物理基礎①NHK高校講座】解答.pdf	pdf
KGC共有/KGレポート/視聴票解答/05.理科/物理基礎/NHK/2023視聴票【物理基礎②NHK高校講座】解答.pdf	pdf
KGC共有/KGレポート/視聴票解答/05.理科/物理基礎/NHK/2023視聴票【物理基礎③NHK高校講座】解答.pdf	pdf
KGC共有/KGレポート/視聴票解答/05.理科/物理基礎/NHK/2023視聴票【物理基礎④NHK高校講座】解答.pdf	pdf
KGC共有/KGレポート/視聴票解答/05.理科/物理基礎/NHK/2023視聴票【物理基礎⑤NHK高校講座】解答.pdf	pdf
KGC共有/KGレポート/視聴票解答/05.理科/物理基礎/NHK/2023視聴票【物理基礎⑥NHK高校講座】解答.pdf	pdf
KGC共有/KGレポート/視聴票解答/05.理科/物理基礎/NHK/2023視聴票【物理基礎⑦NHK高校講座】解答.pdf	pdf
KGC共有/KGレポート/視聴票解答/05.理科/物理基礎/NHK/2023視聴票【物理基礎⑧NHK高校講座】解答.pdf	pdf
KGC共有/KGレポート/視聴票解答/05.理科/生物/2023視聴票_解答【生物①】.pdf	pdf
KGC共有/KGレポート/視聴票解答/05.理科/生物/2023視聴票_解答【生物②】.pdf	pdf
KGC共有/KGレポート/視聴票解答/05.理科/生物/2023視聴票_解答【生物③】.pdf	pdf
KGC共有/KGレポート/視聴票解答/05.理科/生物/2023視聴票_解答【生物④】.pdf	pdf
KGC共有/KGレポート/視聴票解答/05.理科/生物/2023視聴票_解答【生物⑤】.pdf	pdf
KGC共有/KGレポート/視聴票解答/05.理科/生物/2023視聴票_解答【生物⑥】.pdf	pdf
KGC共有/KGレポート/視聴票解答/05.理科/生物/2023視聴票_解答【生物⑦】.pdf	pdf
KGC共有/KGレポート/視聴票解答/05.理科/生物/2023視聴票_解答【生物⑧】.pdf	pdf
KGC共有/KGレポート/視聴票解答/05.理科/生物/2023視聴票_解答【生物⑨】.pdf	pdf
KGC共有/KGレポート/視聴票解答/05.理科/生物/2023視聴票_解答【生物⑩】.pdf	pdf
KGC共有/KGレポート/視聴票解答/05.理科/生物/2023視聴票_解答【生物⑪】.pdf	pdf
KGC共有/KGレポート/視聴票解答/05.理科/生物/2023視聴票_解答【生物⑫】.pdf	pdf
KGC共有/KGレポート/視聴票解答/05.理科/生物/2023視聴票_解答【生物⑬】.pdf	pdf
KGC共有/KGレポート/視聴票解答/05.理科/生物/2023視聴票_解答【生物⑭】.pdf	pdf
KGC共有/KGレポート/視聴票解答/05.理科/生物/2023視聴票_解答【生物⑮】.pdf	pdf
KGC共有/KGレポート/視聴票解答/05.理科/生物/2023視聴票_解答【生物⑯】.pdf	pdf
KGC共有/KGレポート/視聴票解答/05.理科/生物基礎/DVD/2023視聴票【生物基礎①教科書DVD】解答.pdf	pdf
KGC共有/KGレポート/視聴票解答/05.理科/生物基礎/DVD/2023視聴票【生物基礎②教科書DVD】解答.pdf	pdf
KGC共有/KGレポート/視聴票解答/05.理科/生物基礎/DVD/2023視聴票【生物基礎③教科書DVD】解答.pdf	pdf
KGC共有/KGレポート/視聴票解答/05.理科/生物基礎/DVD/2023視聴票【生物基礎④教科書DVD】解答.pdf	pdf
KGC共有/KGレポート/視聴票解答/05.理科/生物基礎/DVD/2023視聴票【生物基礎⑤教科書DVD】解答.pdf	pdf
KGC共有/KGレポート/視聴票解答/05.理科/生物基礎/DVD/2023視聴票【生物基礎⑥教科書DVD】解答.pdf	pdf
KGC共有/KGレポート/視聴票解答/05.理科/生物基礎/DVD/2023視聴票【生物基礎⑦教科書DVD】解答.pdf	pdf
KGC共有/KGレポート/視聴票解答/05.理科/生物基礎/DVD/2023視聴票【生物基礎⑧教科書DVD】解答.pdf	pdf
KGC共有/KGレポート/視聴票解答/05.理科/生物基礎/NHK/2023視聴票【生物基礎①NHK高校講座】解答.pdf	pdf
KGC共有/KGレポート/視聴票解答/05.理科/生物基礎/NHK/2023視聴票【生物基礎②NHK高校講座】解答.pdf	pdf
KGC共有/KGレポート/視聴票解答/05.理科/生物基礎/NHK/2023視聴票【生物基礎③NHK高校講座】解答.pdf	pdf
KGC共有/KGレポート/視聴票解答/05.理科/生物基礎/NHK/2023視聴票【生物基礎④NHK高校講座】解答.pdf	pdf
KGC共有/KGレポート/視聴票解答/05.理科/生物基礎/NHK/2023視聴票【生物基礎⑤NHK高校講座】解答.pdf	pdf
KGC共有/KGレポート/視聴票解答/05.理科/生物基礎/NHK/2023視聴票【生物基礎⑥NHK高校講座】解答.pdf	pdf
KGC共有/KGレポート/視聴票解答/05.理科/生物基礎/NHK/2023視聴票【生物基礎⑦NHK高校講座】解答.pdf	pdf
KGC共有/KGレポート/視聴票解答/05.理科/生物基礎/NHK/2023視聴票【生物基礎⑧NHK高校講座】解答.pdf	pdf
KGC共有/KGレポート/視聴票解答/05.理科/科学と人間生活/DVD/2023視聴票【科学と人間生活①教科書DVD】解答.pdf	pdf
KGC共有/KGレポート/視聴票解答/05.理科/科学と人間生活/DVD/2023視聴票【科学と人間生活②教科書DVD】解答.pdf	pdf
KGC共有/KGレポート/視聴票解答/05.理科/科学と人間生活/DVD/2023視聴票【科学と人間生活③教科書DVD】解答.pdf	pdf
KGC共有/KGレポート/視聴票解答/05.理科/科学と人間生活/DVD/2023視聴票【科学と人間生活④教科書DVD】解答.pdf	pdf
KGC共有/KGレポート/視聴票解答/05.理科/科学と人間生活/DVD/2023視聴票【科学と人間生活⑤教科書DVD】解答.pdf	pdf
KGC共有/KGレポート/視聴票解答/05.理科/科学と人間生活/DVD/2023視聴票【科学と人間生活⑥教科書DVD】解答.pdf	pdf
KGC共有/KGレポート/視聴票解答/05.理科/科学と人間生活/DVD/2023視聴票【科学と人間生活⑦教科書DVD】解答.pdf	pdf
KGC共有/KGレポート/視聴票解答/05.理科/科学と人間生活/DVD/2023視聴票【科学と人間生活⑧教科書DVD】解答.pdf	pdf
KGC共有/KGレポート/視聴票解答/05.理科/科学と人間生活/NHK/2023視聴票【科学と人間生活①NHK高校講座】解答.pdf	pdf
KGC共有/KGレポート/視聴票解答/05.理科/科学と人間生活/NHK/2023視聴票【科学と人間生活②NHK高校講座】解答.pdf	pdf
KGC共有/KGレポート/視聴票解答/05.理科/科学と人間生活/NHK/2023視聴票【科学と人間生活③NHK高校講座】解答.pdf	pdf
KGC共有/KGレポート/視聴票解答/05.理科/科学と人間生活/NHK/2023視聴票【科学と人間生活④NHK高校講座】解答.pdf	pdf
KGC共有/KGレポート/視聴票解答/05.理科/科学と人間生活/NHK/2023視聴票【科学と人間生活⑤NHK高校講座】解答.pdf	pdf
KGC共有/KGレポート/視聴票解答/05.理科/科学と人間生活/NHK/2023視聴票【科学と人間生活⑥NHK高校講座】解答.pdf	pdf
KGC共有/KGレポート/視聴票解答/05.理科/科学と人間生活/NHK/2023視聴票【科学と人間生活⑦NHK高校講座】解答.pdf	pdf
KGC共有/KGレポート/視聴票解答/05.理科/科学と人間生活/NHK/2023視聴票【科学と人間生活⑧NHK高校講座】解答.pdf	pdf
KGC共有/KGレポート/視聴票解答/06.保健体育/体育1/DVD/2023視聴票【体育1㋕教科書DVD】解答.pdf	pdf
KGC共有/KGレポート/視聴票解答/06.保健体育/体育1/DVD/2023視聴票【体育1㋖教科書DVD】解答.pdf	pdf
KGC共有/KGレポート/視聴票解答/06.保健体育/体育1/DVD/2023視聴票【体育1㋗教科書DVD】解答.pdf	pdf
KGC共有/KGレポート/視聴票解答/06.保健体育/体育1/DVD/2023視聴票【体育1㋘教科書DVD】解答.pdf	pdf
KGC共有/KGレポート/視聴票解答/06.保健体育/体育1/DVD/2023視聴票【体育1㋙教科書DVD】解答.pdf	pdf
KGC共有/KGレポート/視聴票解答/06.保健体育/体育1/NHK/2023視聴票【体育1㋐NHK高校講座】解答.pdf	pdf
KGC共有/KGレポート/視聴票解答/06.保健体育/体育1/NHK/2023視聴票【体育1㋑NHK高校講座】解答.pdf	pdf
KGC共有/KGレポート/視聴票解答/06.保健体育/体育1/NHK/2023視聴票【体育1㋒NHK高校講座】解答.pdf	pdf
KGC共有/KGレポート/視聴票解答/06.保健体育/体育1/NHK/2023視聴票【体育1㋓NHK高校講座】解答.pdf	pdf
KGC共有/KGレポート/視聴票解答/06.保健体育/体育1/NHK/2023視聴票【体育1㋔NHK高校講座】解答.pdf	pdf
KGC共有/KGレポート/視聴票解答/06.保健体育/体育2/DVD/2023視聴票【体育2㋕教科書DVD】解答.pdf	pdf
KGC共有/KGレポート/視聴票解答/06.保健体育/体育2/DVD/2023視聴票【体育2㋖教科書DVD】解答.pdf	pdf
KGC共有/KGレポート/視聴票解答/06.保健体育/体育2/DVD/2023視聴票【体育2㋗教科書DVD】解答.pdf	pdf
KGC共有/KGレポート/視聴票解答/06.保健体育/体育2/DVD/2023視聴票【体育2㋘教科書DVD】解答.pdf	pdf
KGC共有/KGレポート/視聴票解答/06.保健体育/体育2/DVD/2023視聴票【体育2㋙教科書DVD】解答.pdf	pdf
KGC共有/KGレポート/視聴票解答/06.保健体育/体育2/NHK/2023視聴票【体育2㋐NHK高校講座】解答.pdf	pdf
KGC共有/KGレポート/視聴票解答/06.保健体育/体育2/NHK/2023視聴票【体育2㋑NHK高校講座】解答.pdf	pdf
KGC共有/KGレポート/視聴票解答/06.保健体育/体育2/NHK/2023視聴票【体育2㋒NHK高校講座】解答.pdf	pdf
KGC共有/KGレポート/視聴票解答/06.保健体育/体育2/NHK/2023視聴票【体育2㋓NHK高校講座】解答.pdf	pdf
KGC共有/KGレポート/視聴票解答/06.保健体育/体育2/NHK/2023視聴票【体育2㋔NHK高校講座】解答.pdf	pdf
KGC共有/KGレポート/視聴票解答/06.保健体育/体育3/DVD/2023視聴票【体育3㋕教科書DVD】解答.pdf	pdf
KGC共有/KGレポート/視聴票解答/06.保健体育/体育3/DVD/2023視聴票【体育3㋖教科書DVD】解答.pdf	pdf
KGC共有/KGレポート/視聴票解答/06.保健体育/体育3/DVD/2023視聴票【体育3㋗教科書DVD】解答.pdf	pdf
KGC共有/KGレポート/視聴票解答/06.保健体育/体育3/DVD/2023視聴票【体育3㋘教科書DVD】解答.pdf	pdf
KGC共有/KGレポート/視聴票解答/06.保健体育/体育3/DVD/2023視聴票【体育3㋙教科書DVD】解答.pdf	pdf
KGC共有/KGレポート/視聴票解答/06.保健体育/体育3/NHK/2023視聴票【体育3㋐NHK高校講座】解答.pdf	pdf
KGC共有/KGレポート/視聴票解答/06.保健体育/体育3/NHK/2023視聴票【体育3㋑NHK高校講座】解答.pdf	pdf
KGC共有/KGレポート/視聴票解答/06.保健体育/体育3/NHK/2023視聴票【体育3㋒NHK高校講座】解答.pdf	pdf
KGC共有/KGレポート/視聴票解答/06.保健体育/体育3/NHK/2023視聴票【体育3㋓NHK高校講座】解答.pdf	pdf
KGC共有/KGレポート/視聴票解答/06.保健体育/体育3/NHK/2023視聴票【体育3㋔NHK高校講座】解答.pdf	pdf
KGC共有/KGレポート/視聴票解答/06.保健体育/体育4/DVD/2023視聴票【体育4㋕教科書DVD】解答.pdf	pdf
KGC共有/KGレポート/視聴票解答/06.保健体育/体育4/DVD/2023視聴票【体育4㋖教科書DVD】解答.pdf	pdf
KGC共有/KGレポート/視聴票解答/06.保健体育/体育4/DVD/2023視聴票【体育4㋗教科書DVD】解答.pdf	pdf
KGC共有/KGレポート/視聴票解答/06.保健体育/体育4/DVD/2023視聴票【体育4㋘教科書DVD】解答.pdf	pdf
KGC共有/KGレポート/視聴票解答/06.保健体育/体育4/DVD/2023視聴票【体育4㋙教科書DVD】解答.pdf	pdf
KGC共有/KGレポート/視聴票解答/06.保健体育/体育4/NHK/2023視聴票【体育4㋐NHK高校講座】解答.pdf	pdf
KGC共有/KGレポート/視聴票解答/06.保健体育/体育4/NHK/2023視聴票【体育4㋑NHK高校講座】解答.pdf	pdf
KGC共有/KGレポート/視聴票解答/06.保健体育/体育4/NHK/2023視聴票【体育4㋒NHK高校講座】解答.pdf	pdf
KGC共有/KGレポート/視聴票解答/06.保健体育/体育4/NHK/2023視聴票【体育4㋓NHK高校講座】解答.pdf	pdf
KGC共有/KGレポート/視聴票解答/06.保健体育/体育4/NHK/2023視聴票【体育4㋔NHK高校講座】解答.pdf	pdf
KGC共有/KGレポート/視聴票解答/07.芸術/書道Ⅰ/DVD/2023視聴票【書道Ⅰ①教科書DVD】解答.pdf	pdf
KGC共有/KGレポート/視聴票解答/07.芸術/書道Ⅰ/DVD/2023視聴票【書道Ⅰ③教科書DVD】解答.pdf	pdf
KGC共有/KGレポート/視聴票解答/07.芸術/書道Ⅰ/DVD/2023視聴票【書道Ⅰ④教科書DVD】解答.pdf	pdf
KGC共有/KGレポート/視聴票解答/07.芸術/書道Ⅰ/DVD/2023視聴票【書道Ⅰ⑤教科書DVD】解答.pdf	pdf
KGC共有/KGレポート/視聴票解答/07.芸術/書道Ⅰ/DVD/2023視聴票【書道Ⅰ⑥教科書DVD】解答.pdf	pdf
KGC共有/KGレポート/視聴票解答/07.芸術/書道Ⅰ/DVD/2023視聴票【書道Ⅰ⑦教科書DVD】解答.pdf	pdf
KGC共有/KGレポート/視聴票解答/07.芸術/書道Ⅰ/DVD/2023視聴票【書道Ⅰ⑧教科書DVD】解答.pdf	pdf
KGC共有/KGレポート/視聴票解答/07.芸術/書道Ⅰ/DVD/2023視聴票【書道Ⅰ➁教科書DVD】解答.pdf	pdf
KGC共有/KGレポート/視聴票解答/07.芸術/書道Ⅰ/NHK/2023視聴票【書道Ⅰ①NHK高校講座】解答.pdf	pdf
KGC共有/KGレポート/視聴票解答/07.芸術/書道Ⅰ/NHK/2023視聴票【書道Ⅰ②NHK高校講座】解答.pdf	pdf
KGC共有/KGレポート/視聴票解答/07.芸術/書道Ⅰ/NHK/2023視聴票【書道Ⅰ③NHK高校講座】解答.pdf	pdf
KGC共有/KGレポート/視聴票解答/07.芸術/書道Ⅰ/NHK/2023視聴票【書道Ⅰ④NHK高校講座】解答.pdf	pdf
KGC共有/KGレポート/視聴票解答/07.芸術/書道Ⅰ/NHK/2023視聴票【書道Ⅰ⑤NHK高校講座】解答.pdf	pdf
KGC共有/KGレポート/視聴票解答/07.芸術/書道Ⅰ/NHK/2023視聴票【書道Ⅰ⑥NHK高校講座】解答.pdf	pdf
KGC共有/KGレポート/視聴票解答/07.芸術/書道Ⅰ/NHK/2023視聴票【書道Ⅰ⑦NHK高校講座】解答.pdf	pdf
KGC共有/KGレポート/視聴票解答/07.芸術/書道Ⅰ/NHK/2023視聴票【書道Ⅰ⑧NHK高校講座】解答.pdf	pdf
KGC共有/KGレポート/視聴票解答/07.芸術/音楽Ⅰ/2023視聴票【音楽Ⅰ①NHK高校講座】解答.pdf	pdf
KGC共有/KGレポート/視聴票解答/07.芸術/音楽Ⅰ/2023視聴票【音楽Ⅰ②NHK高校講座】解答.pdf	pdf
KGC共有/KGレポート/視聴票解答/07.芸術/音楽Ⅰ/2023視聴票【音楽Ⅰ③NHK高校講座】解答.pdf	pdf
KGC共有/KGレポート/視聴票解答/07.芸術/音楽Ⅰ/2023視聴票【音楽Ⅰ④NHK高校講座】解答.pdf	pdf
KGC共有/KGレポート/視聴票解答/07.芸術/音楽Ⅰ/2023視聴票【音楽Ⅰ⑤NHK高校講座】解答.pdf	pdf
KGC共有/KGレポート/視聴票解答/07.芸術/音楽Ⅰ/2023視聴票【音楽Ⅰ⑥NHK高校講座】解答.pdf	pdf
KGC共有/KGレポート/視聴票解答/07.芸術/音楽Ⅰ/2023視聴票【音楽Ⅰ⑦NHK高校講座】解答.pdf	pdf
KGC共有/KGレポート/視聴票解答/07.芸術/音楽Ⅰ/2023視聴票【音楽Ⅰ⑧NHK高校講座】解答.pdf	pdf
KGC共有/KGレポート/視聴票解答/08.外国語（英語）/英語コミュニケーションⅠ（コミュニケーション英語Ⅰ）/DVD/2023視聴票【英語コミュニケーションⅠ(コ英語Ⅰ)①教科書DVD】解答.pdf	pdf
KGC共有/KGレポート/視聴票解答/08.外国語（英語）/英語コミュニケーションⅠ（コミュニケーション英語Ⅰ）/DVD/2023視聴票【英語コミュニケーションⅠ(コ英語Ⅰ)②教科書DVD】解答.pdf	pdf
KGC共有/KGレポート/視聴票解答/08.外国語（英語）/英語コミュニケーションⅠ（コミュニケーション英語Ⅰ）/DVD/2023視聴票【英語コミュニケーションⅠ(コ英語Ⅰ)③教科書DVD】解答.pdf	pdf
KGC共有/KGレポート/視聴票解答/08.外国語（英語）/英語コミュニケーションⅠ（コミュニケーション英語Ⅰ）/DVD/2023視聴票【英語コミュニケーションⅠ(コ英語Ⅰ)④教科書DVD】解答.pdf	pdf
KGC共有/KGレポート/視聴票解答/08.外国語（英語）/英語コミュニケーションⅠ（コミュニケーション英語Ⅰ）/DVD/2023視聴票【英語コミュニケーションⅠ(コ英語Ⅰ)⑤教科書DVD】解答.pdf	pdf
KGC共有/KGレポート/視聴票解答/08.外国語（英語）/英語コミュニケーションⅠ（コミュニケーション英語Ⅰ）/DVD/2023視聴票【英語コミュニケーションⅠ(コ英語Ⅰ)⑥教科書DVD】解答.pdf	pdf
KGC共有/KGレポート/視聴票解答/08.外国語（英語）/英語コミュニケーションⅠ（コミュニケーション英語Ⅰ）/DVD/2023視聴票【英語コミュニケーションⅠ(コ英語Ⅰ)⑦教科書DVD】解答.pdf	pdf
KGC共有/KGレポート/視聴票解答/08.外国語（英語）/英語コミュニケーションⅠ（コミュニケーション英語Ⅰ）/DVD/2023視聴票【英語コミュニケーションⅠ(コ英語Ⅰ)⑧教科書DVD】解答.pdf	pdf
KGC共有/KGレポート/視聴票解答/08.外国語（英語）/英語コミュニケーションⅠ（コミュニケーション英語Ⅰ）/DVD/2023視聴票【英語コミュニケーションⅠ(コ英語Ⅰ)⑨教科書DVD】解答.pdf	pdf
KGC共有/KGレポート/視聴票解答/08.外国語（英語）/英語コミュニケーションⅠ（コミュニケーション英語Ⅰ）/DVD/2023視聴票【英語コミュニケーションⅠ(コ英語Ⅰ)⑩教科書DVD】解答.pdf	pdf
KGC共有/KGレポート/視聴票解答/08.外国語（英語）/英語コミュニケーションⅠ（コミュニケーション英語Ⅰ）/DVD/2023視聴票【英語コミュニケーションⅠ(コ英語Ⅰ)⑪教科書DVD】解答.pdf	pdf
KGC共有/KGレポート/視聴票解答/08.外国語（英語）/英語コミュニケーションⅠ（コミュニケーション英語Ⅰ）/DVD/2023視聴票【英語コミュニケーションⅠ(コ英語Ⅰ)⑫教科書DVD】解答.pdf	pdf
KGC共有/KGレポート/視聴票解答/08.外国語（英語）/英語コミュニケーションⅠ（コミュニケーション英語Ⅰ）/DVD/2023視聴票【英語コミュニケーションⅠ(コ英語Ⅰ)⑬教科書DVD】解答.pdf	pdf
KGC共有/KGレポート/視聴票解答/08.外国語（英語）/英語コミュニケーションⅠ（コミュニケーション英語Ⅰ）/DVD/2023視聴票【英語コミュニケーションⅠ(コ英語Ⅰ)⑭教科書DVD】解答.pdf	pdf
KGC共有/KGレポート/視聴票解答/08.外国語（英語）/英語コミュニケーションⅠ（コミュニケーション英語Ⅰ）/DVD/2023視聴票【英語コミュニケーションⅠ(コ英語Ⅰ)⑮教科書DVD】解答.pdf	pdf
KGC共有/KGレポート/視聴票解答/08.外国語（英語）/英語コミュニケーションⅠ（コミュニケーション英語Ⅰ）/DVD/2023視聴票【英語コミュニケーションⅠ(コ英語Ⅰ)⑯教科書DVD】解答.pdf	pdf
KGC共有/KGレポート/視聴票解答/08.外国語（英語）/英語コミュニケーションⅠ（コミュニケーション英語Ⅰ）/NHK/2023視聴票【英語コミュニケーションⅠ(コ英語Ⅰ)①NHK高校講座】解答.pdf	pdf
KGC共有/KGレポート/視聴票解答/08.外国語（英語）/英語コミュニケーションⅠ（コミュニケーション英語Ⅰ）/NHK/2023視聴票【英語コミュニケーションⅠ(コ英語Ⅰ)②NHK高校講座】解答.pdf	pdf
KGC共有/KGレポート/視聴票解答/08.外国語（英語）/英語コミュニケーションⅠ（コミュニケーション英語Ⅰ）/NHK/2023視聴票【英語コミュニケーションⅠ(コ英語Ⅰ)③NHK高校講座】解答.pdf	pdf
KGC共有/KGレポート/視聴票解答/08.外国語（英語）/英語コミュニケーションⅠ（コミュニケーション英語Ⅰ）/NHK/2023視聴票【英語コミュニケーションⅠ(コ英語Ⅰ)④NHK高校講座】解答.pdf	pdf
KGC共有/KGレポート/視聴票解答/08.外国語（英語）/英語コミュニケーションⅠ（コミュニケーション英語Ⅰ）/NHK/2023視聴票【英語コミュニケーションⅠ(コ英語Ⅰ)⑤NHK高校講座】解答.pdf	pdf
KGC共有/KGレポート/視聴票解答/08.外国語（英語）/英語コミュニケーションⅠ（コミュニケーション英語Ⅰ）/NHK/2023視聴票【英語コミュニケーションⅠ(コ英語Ⅰ)⑥NHK高校講座】解答.pdf	pdf
KGC共有/KGレポート/視聴票解答/08.外国語（英語）/英語コミュニケーションⅠ（コミュニケーション英語Ⅰ）/NHK/2023視聴票【英語コミュニケーションⅠ(コ英語Ⅰ)⑦NHK高校講座】解答.pdf	pdf
KGC共有/KGレポート/視聴票解答/08.外国語（英語）/英語コミュニケーションⅠ（コミュニケーション英語Ⅰ）/NHK/2023視聴票【英語コミュニケーションⅠ(コ英語Ⅰ)⑧NHK高校講座】解答.pdf	pdf
KGC共有/KGレポート/視聴票解答/08.外国語（英語）/英語コミュニケーションⅠ（コミュニケーション英語Ⅰ）/NHK/2023視聴票【英語コミュニケーションⅠ(コ英語Ⅰ)⑨NHK高校講座】解答.pdf	pdf
KGC共有/KGレポート/視聴票解答/08.外国語（英語）/英語コミュニケーションⅠ（コミュニケーション英語Ⅰ）/NHK/2023視聴票【英語コミュニケーションⅠ(コ英語Ⅰ)⑩NHK高校講座】解答.pdf	pdf
KGC共有/KGレポート/視聴票解答/08.外国語（英語）/英語コミュニケーションⅠ（コミュニケーション英語Ⅰ）/NHK/2023視聴票【英語コミュニケーションⅠ(コ英語Ⅰ)⑪NHK高校講座】解答.pdf	pdf
KGC共有/KGレポート/視聴票解答/08.外国語（英語）/英語コミュニケーションⅠ（コミュニケーション英語Ⅰ）/NHK/2023視聴票【英語コミュニケーションⅠ(コ英語Ⅰ)⑫NHK高校講座】解答.pdf	pdf
KGC共有/KGレポート/視聴票解答/08.外国語（英語）/英語コミュニケーションⅠ（コミュニケーション英語Ⅰ）/NHK/2023視聴票【英語コミュニケーションⅠ(コ英語Ⅰ)⑬NHK高校講座】解答.pdf	pdf
KGC共有/KGレポート/視聴票解答/08.外国語（英語）/英語コミュニケーションⅠ（コミュニケーション英語Ⅰ）/NHK/2023視聴票【英語コミュニケーションⅠ(コ英語Ⅰ)⑭NHK高校講座】解答.pdf	pdf
KGC共有/KGレポート/視聴票解答/08.外国語（英語）/英語コミュニケーションⅠ（コミュニケーション英語Ⅰ）/NHK/2023視聴票【英語コミュニケーションⅠ(コ英語Ⅰ)⑮NHK高校講座】解答.pdf	pdf
KGC共有/KGレポート/視聴票解答/08.外国語（英語）/英語コミュニケーションⅠ（コミュニケーション英語Ⅰ）/NHK/2023視聴票【英語コミュニケーションⅠ(コ英語Ⅰ)⑯NHK高校講座】解答.pdf	pdf
KGC共有/KGレポート/視聴票解答/08.外国語（英語）/英語コミュニケーションⅡ（コミュニケーション英語Ⅱ）/DVD/2023視聴票【英語コミュニケーションⅡ(コ英語Ⅱ)①教科書DVD】解答.pdf	pdf
KGC共有/KGレポート/視聴票解答/08.外国語（英語）/英語コミュニケーションⅡ（コミュニケーション英語Ⅱ）/DVD/2023視聴票【英語コミュニケーションⅡ(コ英語Ⅱ)②教科書DVD】解答.pdf	pdf
KGC共有/KGレポート/視聴票解答/08.外国語（英語）/英語コミュニケーションⅡ（コミュニケーション英語Ⅱ）/DVD/2023視聴票【英語コミュニケーションⅡ(コ英語Ⅱ)③教科書DVD】解答.pdf	pdf
KGC共有/KGレポート/視聴票解答/08.外国語（英語）/英語コミュニケーションⅡ（コミュニケーション英語Ⅱ）/DVD/2023視聴票【英語コミュニケーションⅡ(コ英語Ⅱ)④教科書DVD】解答.pdf	pdf
KGC共有/KGレポート/視聴票解答/08.外国語（英語）/英語コミュニケーションⅡ（コミュニケーション英語Ⅱ）/DVD/2023視聴票【英語コミュニケーションⅡ(コ英語Ⅱ)⑤教科書DVD】解答.pdf	pdf
KGC共有/KGレポート/視聴票解答/08.外国語（英語）/英語コミュニケーションⅡ（コミュニケーション英語Ⅱ）/DVD/2023視聴票【英語コミュニケーションⅡ(コ英語Ⅱ)⑥教科書DVD】解答.pdf	pdf
KGC共有/KGレポート/視聴票解答/08.外国語（英語）/英語コミュニケーションⅡ（コミュニケーション英語Ⅱ）/DVD/2023視聴票【英語コミュニケーションⅡ(コ英語Ⅱ)⑦教科書DVD】解答.pdf	pdf
KGC共有/KGレポート/視聴票解答/08.外国語（英語）/英語コミュニケーションⅡ（コミュニケーション英語Ⅱ）/DVD/2023視聴票【英語コミュニケーションⅡ(コ英語Ⅱ)⑧教科書DVD】解答.pdf	pdf
KGC共有/KGレポート/視聴票解答/08.外国語（英語）/英語コミュニケーションⅡ（コミュニケーション英語Ⅱ）/DVD/2023視聴票【英語コミュニケーションⅡ(コ英語Ⅱ)⑨教科書DVD】解答.pdf	pdf
KGC共有/KGレポート/視聴票解答/08.外国語（英語）/英語コミュニケーションⅡ（コミュニケーション英語Ⅱ）/DVD/2023視聴票【英語コミュニケーションⅡ(コ英語Ⅱ)⑩教科書DVD】解答.pdf	pdf
KGC共有/KGレポート/視聴票解答/08.外国語（英語）/英語コミュニケーションⅡ（コミュニケーション英語Ⅱ）/DVD/2023視聴票【英語コミュニケーションⅡ(コ英語Ⅱ)⑪教科書DVD】解答.pdf	pdf
KGC共有/KGレポート/視聴票解答/08.外国語（英語）/英語コミュニケーションⅡ（コミュニケーション英語Ⅱ）/DVD/2023視聴票【英語コミュニケーションⅡ(コ英語Ⅱ)⑫教科書DVD】解答.pdf	pdf
KGC共有/KGレポート/視聴票解答/08.外国語（英語）/英語コミュニケーションⅡ（コミュニケーション英語Ⅱ）/DVD/2023視聴票【英語コミュニケーションⅡ(コ英語Ⅱ)⑬教科書DVD】解答.pdf	pdf
KGC共有/KGレポート/視聴票解答/08.外国語（英語）/英語コミュニケーションⅡ（コミュニケーション英語Ⅱ）/DVD/2023視聴票【英語コミュニケーションⅡ(コ英語Ⅱ)⑭教科書DVD】解答.pdf	pdf
KGC共有/KGレポート/視聴票解答/08.外国語（英語）/英語コミュニケーションⅡ（コミュニケーション英語Ⅱ）/DVD/2023視聴票【英語コミュニケーションⅡ(コ英語Ⅱ)⑮教科書DVD】解答.pdf	pdf
KGC共有/KGレポート/視聴票解答/08.外国語（英語）/英語コミュニケーションⅡ（コミュニケーション英語Ⅱ）/DVD/2023視聴票【英語コミュニケーションⅡ(コ英語Ⅱ)⑯教科書DVD】解答.pdf	pdf
KGC共有/KGレポート/視聴票解答/08.外国語（英語）/英語コミュニケーションⅡ（コミュニケーション英語Ⅱ）/NHK（①～⑩順次公開）/2023視聴票【英語コミュニケーションⅡ(コ英語Ⅱ)①NHK高校講座】解答.pdf	pdf
KGC共有/KGレポート/視聴票解答/08.外国語（英語）/英語コミュニケーションⅡ（コミュニケーション英語Ⅱ）/NHK（①～⑩順次公開）/2023視聴票【英語コミュニケーションⅡ(コ英語Ⅱ)②NHK高校講座】解答.pdf	pdf
KGC共有/KGレポート/視聴票解答/08.外国語（英語）/英語コミュニケーションⅡ（コミュニケーション英語Ⅱ）/NHK（①～⑩順次公開）/2023視聴票【英語コミュニケーションⅡ(コ英語Ⅱ)③NHK高校講座】解答.pdf	pdf
KGC共有/KGレポート/視聴票解答/08.外国語（英語）/英語コミュニケーションⅡ（コミュニケーション英語Ⅱ）/NHK（①～⑩順次公開）/2023視聴票【英語コミュニケーションⅡ(コ英語Ⅱ)④NHK高校講座】解答.pdf	pdf
KGC共有/KGレポート/視聴票解答/08.外国語（英語）/英語コミュニケーションⅡ（コミュニケーション英語Ⅱ）/NHK（①～⑩順次公開）/2023視聴票【英語コミュニケーションⅡ(コ英語Ⅱ)⑤NHK高校講座】解答.pdf	pdf
KGC共有/KGレポート/視聴票解答/08.外国語（英語）/英語コミュニケーションⅡ（コミュニケーション英語Ⅱ）/NHK（①～⑩順次公開）/2023視聴票【英語コミュニケーションⅡ(コ英語Ⅱ)⑥NHK高校講座】解答.pdf	pdf
KGC共有/KGレポート/視聴票解答/08.外国語（英語）/英語コミュニケーションⅡ（コミュニケーション英語Ⅱ）/NHK（①～⑩順次公開）/2023視聴票【英語コミュニケーションⅡ(コ英語Ⅱ)⑦NHK高校講座】解答.pdf	pdf
KGC共有/KGレポート/視聴票解答/08.外国語（英語）/英語コミュニケーションⅡ（コミュニケーション英語Ⅱ）/NHK（⑪～⑯ライブラリーでコミュニケーション英語Ⅱを視聴）/2023視聴票【英語コミュニケーションⅡ(コ英語Ⅱ)⑪NHK高校講座】解答.pdf	pdf
KGC共有/KGレポート/視聴票解答/08.外国語（英語）/英語コミュニケーションⅡ（コミュニケーション英語Ⅱ）/NHK（⑪～⑯ライブラリーでコミュニケーション英語Ⅱを視聴）/2023視聴票【英語コミュニケーションⅡ(コ英語Ⅱ)⑫NHK高校講座】解答.pdf	pdf
KGC共有/KGレポート/視聴票解答/08.外国語（英語）/英語コミュニケーションⅡ（コミュニケーション英語Ⅱ）/NHK（⑪～⑯ライブラリーでコミュニケーション英語Ⅱを視聴）/2023視聴票【英語コミュニケーションⅡ(コ英語Ⅱ)⑬NHK高校講座】解答.pdf	pdf
KGC共有/KGレポート/視聴票解答/08.外国語（英語）/英語コミュニケーションⅡ（コミュニケーション英語Ⅱ）/NHK（⑪～⑯ライブラリーでコミュニケーション英語Ⅱを視聴）/2023視聴票【英語コミュニケーションⅡ(コ英語Ⅱ)⑭NHK高校講座】解答.pdf	pdf
KGC共有/KGレポート/視聴票解答/08.外国語（英語）/英語コミュニケーションⅡ（コミュニケーション英語Ⅱ）/NHK（⑪～⑯ライブラリーでコミュニケーション英語Ⅱを視聴）/2023視聴票【英語コミュニケーションⅡ(コ英語Ⅱ)⑮NHK高校講座】解答.pdf	pdf
KGC共有/KGレポート/視聴票解答/08.外国語（英語）/英語コミュニケーションⅡ（コミュニケーション英語Ⅱ）/NHK（⑪～⑯ライブラリーでコミュニケーション英語Ⅱを視聴）/2023視聴票【英語コミュニケーションⅡ(コ英語Ⅱ)⑯NHK高校講座】解答.pdf	pdf
KGC共有/KGレポート/視聴票解答/08.外国語（英語）/論理・表現Ⅰ（英語表現Ⅰ）/DVD/2023視聴票【論理・表現Ⅰ(英語表現Ⅰ)①教科書DVD】解答.pdf	pdf
KGC共有/KGレポート/視聴票解答/08.外国語（英語）/論理・表現Ⅰ（英語表現Ⅰ）/DVD/2023視聴票【論理・表現Ⅰ(英語表現Ⅰ)②教科書DVD】解答.pdf	pdf
KGC共有/KGレポート/視聴票解答/08.外国語（英語）/論理・表現Ⅰ（英語表現Ⅰ）/DVD/2023視聴票【論理・表現Ⅰ(英語表現Ⅰ)③教科書DVD】解答.pdf	pdf
KGC共有/KGレポート/視聴票解答/08.外国語（英語）/論理・表現Ⅰ（英語表現Ⅰ）/DVD/2023視聴票【論理・表現Ⅰ(英語表現Ⅰ)④教科書DVD】解答.pdf	pdf
KGC共有/KGレポート/視聴票解答/08.外国語（英語）/論理・表現Ⅰ（英語表現Ⅰ）/DVD/2023視聴票【論理・表現Ⅰ(英語表現Ⅰ)⑤教科書DVD】解答.pdf	pdf
KGC共有/KGレポート/視聴票解答/08.外国語（英語）/論理・表現Ⅰ（英語表現Ⅰ）/DVD/2023視聴票【論理・表現Ⅰ(英語表現Ⅰ)⑥教科書DVD】解答.pdf	pdf
KGC共有/KGレポート/視聴票解答/08.外国語（英語）/論理・表現Ⅰ（英語表現Ⅰ）/DVD/2023視聴票【論理・表現Ⅰ(英語表現Ⅰ)⑦教科書DVD】解答.pdf	pdf
KGC共有/KGレポート/視聴票解答/08.外国語（英語）/論理・表現Ⅰ（英語表現Ⅰ）/DVD/2023視聴票【論理・表現Ⅰ(英語表現Ⅰ)⑧教科書DVD】解答.pdf	pdf
KGC共有/KGレポート/視聴票解答/08.外国語（英語）/論理・表現Ⅰ（英語表現Ⅰ）/NHK（ライブラリーで英語表現Ⅰを視聴）/2023視聴票【論理・表現Ⅰ(英語表現Ⅰ)①NHK高校講座】解答.pdf	pdf
KGC共有/KGレポート/視聴票解答/08.外国語（英語）/論理・表現Ⅰ（英語表現Ⅰ）/NHK（ライブラリーで英語表現Ⅰを視聴）/2023視聴票【論理・表現Ⅰ(英語表現Ⅰ)②NHK高校講座】解答.pdf	pdf
KGC共有/KGレポート/視聴票解答/08.外国語（英語）/論理・表現Ⅰ（英語表現Ⅰ）/NHK（ライブラリーで英語表現Ⅰを視聴）/2023視聴票【論理・表現Ⅰ(英語表現Ⅰ)③NHK高校講座】解答.pdf	pdf
KGC共有/KGレポート/視聴票解答/08.外国語（英語）/論理・表現Ⅰ（英語表現Ⅰ）/NHK（ライブラリーで英語表現Ⅰを視聴）/2023視聴票【論理・表現Ⅰ(英語表現Ⅰ)④NHK高校講座】解答.pdf	pdf
KGC共有/KGレポート/視聴票解答/08.外国語（英語）/論理・表現Ⅰ（英語表現Ⅰ）/NHK（ライブラリーで英語表現Ⅰを視聴）/2023視聴票【論理・表現Ⅰ(英語表現Ⅰ)⑤NHK高校講座】解答.pdf	pdf
KGC共有/KGレポート/視聴票解答/08.外国語（英語）/論理・表現Ⅰ（英語表現Ⅰ）/NHK（ライブラリーで英語表現Ⅰを視聴）/2023視聴票【論理・表現Ⅰ(英語表現Ⅰ)⑥NHK高校講座】解答.pdf	pdf
KGC共有/KGレポート/視聴票解答/08.外国語（英語）/論理・表現Ⅰ（英語表現Ⅰ）/NHK（ライブラリーで英語表現Ⅰを視聴）/2023視聴票【論理・表現Ⅰ(英語表現Ⅰ)⑦NHK高校講座】解答.pdf	pdf
KGC共有/KGレポート/視聴票解答/08.外国語（英語）/論理・表現Ⅰ（英語表現Ⅰ）/NHK（ライブラリーで英語表現Ⅰを視聴）/2023視聴票【論理・表現Ⅰ(英語表現Ⅰ)⑧NHK高校講座】解答.pdf	pdf
KGC共有/KGレポート/視聴票解答/09.家庭・情報/家庭総合/DVD/2023視聴票【家庭総合①教科書DVD】解答.pdf	pdf
KGC共有/KGレポート/視聴票解答/09.家庭・情報/家庭総合/DVD/2023視聴票【家庭総合②教科書DVD】解答.pdf	pdf
KGC共有/KGレポート/視聴票解答/09.家庭・情報/家庭総合/DVD/2023視聴票【家庭総合③教科書DVD】解答.pdf	pdf
KGC共有/KGレポート/視聴票解答/09.家庭・情報/家庭総合/DVD/2023視聴票【家庭総合④教科書DVD】解答.pdf	pdf
KGC共有/KGレポート/視聴票解答/09.家庭・情報/家庭総合/DVD/2023視聴票【家庭総合⑤教科書DVD】解答.pdf	pdf
KGC共有/KGレポート/視聴票解答/09.家庭・情報/家庭総合/DVD/2023視聴票【家庭総合⑥教科書DVD】解答.pdf	pdf
KGC共有/KGレポート/視聴票解答/09.家庭・情報/家庭総合/DVD/2023視聴票【家庭総合⑦教科書DVD】解答.pdf	pdf
KGC共有/KGレポート/視聴票解答/09.家庭・情報/家庭総合/DVD/2023視聴票【家庭総合⑧教科書DVD】解答.pdf	pdf
KGC共有/KGレポート/視聴票解答/09.家庭・情報/家庭総合/NHK/2023視聴票【家庭総合①NHK高校講座】解答.pdf	pdf
KGC共有/KGレポート/視聴票解答/09.家庭・情報/家庭総合/NHK/2023視聴票【家庭総合②NHK高校講座】解答.pdf	pdf
KGC共有/KGレポート/視聴票解答/09.家庭・情報/家庭総合/NHK/2023視聴票【家庭総合③NHK高校講座】解答.pdf	pdf
KGC共有/KGレポート/視聴票解答/09.家庭・情報/家庭総合/NHK/2023視聴票【家庭総合④NHK高校講座】解答.pdf	pdf
KGC共有/KGレポート/視聴票解答/09.家庭・情報/家庭総合/NHK/2023視聴票【家庭総合⑤NHK高校講座】解答.pdf	pdf
KGC共有/KGレポート/視聴票解答/09.家庭・情報/家庭総合/NHK/2023視聴票【家庭総合⑥NHK高校講座】解答.pdf	pdf
KGC共有/KGレポート/視聴票解答/09.家庭・情報/家庭総合/NHK/2023視聴票【家庭総合⑧NHK高校講座】解答.pdf	pdf
KGC共有/KGレポート/視聴票解答/09.家庭・情報/家庭総合/NHK/2023視聴票【家庭総合➆NHK高校講座】解答.pdf	pdf
KGC共有/KGレポート/視聴票解答/09.家庭・情報/情報Ⅰ（社会と情報）/DVD/2023視聴票【情報Ⅰ（社会と情報）①教科書DVD】解答.pdf	pdf
KGC共有/KGレポート/視聴票解答/09.家庭・情報/情報Ⅰ（社会と情報）/DVD/2023視聴票【情報Ⅰ（社会と情報）②教科書DVD】解答.pdf	pdf
KGC共有/KGレポート/視聴票解答/09.家庭・情報/情報Ⅰ（社会と情報）/DVD/2023視聴票【情報Ⅰ（社会と情報）③教科書DVD】解答.pdf	pdf
KGC共有/KGレポート/視聴票解答/09.家庭・情報/情報Ⅰ（社会と情報）/DVD/2023視聴票【情報Ⅰ（社会と情報）④教科書DVD】解答.pdf	pdf
KGC共有/KGレポート/視聴票解答/09.家庭・情報/情報Ⅰ（社会と情報）/NHK/2023視聴票【情報Ⅰ①NHK高校講座】解答.pdf	pdf
KGC共有/KGレポート/視聴票解答/09.家庭・情報/情報Ⅰ（社会と情報）/NHK/2023視聴票【情報Ⅰ②NHK高校講座】解答.pdf	pdf
KGC共有/KGレポート/視聴票解答/10.学校設定科目/数学入門/2023視聴票【数学入門①NHK高校講座】解答.pdf	pdf
KGC共有/KGレポート/視聴票解答/10.学校設定科目/数学入門/2023視聴票【数学入門②NHK高校講座】解答.pdf	pdf
KGC共有/KGレポート/視聴票解答/10.学校設定科目/論理国語入門/2023視聴票【論理国語入門①NHK高校講座】解答.pdf	pdf
KGC共有/KGレポート/視聴票解答/10.学校設定科目/論理国語入門/2023視聴票【論理国語入門②NHK高校講座】解答.pdf	pdf
KGC共有/KGレポート/試験対策/01.国語/国語表現/2023【国語表現】試験対策_問題.pdf	pdf
KGC共有/KGレポート/試験対策/01.国語/国語表現/2023【国語表現】試験対策_解答.pdf	pdf
KGC共有/KGレポート/試験対策/01.国語/文学国語/2023【文学国語】試験対策_問題.pdf	pdf
KGC共有/KGレポート/試験対策/01.国語/文学国語/2023【文学国語】試験対策_解答.pdf	pdf
KGC共有/KGレポート/試験対策/01.国語/現代の国語/2023【現代の国語】試験対策_問題.pdf	pdf
KGC共有/KGレポート/試験対策/01.国語/現代の国語/2023【現代の国語】試験対策_解答.pdf	pdf
KGC共有/KGレポート/試験対策/01.国語/言語文化/R5【言語文化】試験対策_問題用紙.pdf	pdf
KGC共有/KGレポート/試験対策/01.国語/言語文化/R5【言語文化】試験対策_解答.pdf	pdf
KGC共有/KGレポート/試験対策/02.地歴/世界史探究/2023【世界史探究】試験対策_問題.pdf	pdf
KGC共有/KGレポート/試験対策/02.地歴/世界史探究/2023【世界史探究】試験対策_解答.pdf	pdf
KGC共有/KGレポート/試験対策/02.地歴/地理探究/2023【地理探究】試験対策_問題.pdf	pdf
KGC共有/KGレポート/試験対策/02.地歴/地理探究/2023【地理探究】試験対策_解答.pdf	pdf
KGC共有/KGレポート/試験対策/02.地歴/地理総合/2023【地理総合】試験対策_問題.pdf	pdf
KGC共有/KGレポート/試験対策/02.地歴/地理総合/2023【地理総合】試験対策_解答.pdf	pdf
KGC共有/KGレポート/試験対策/02.地歴/日本史探究/2023【日本史探究】試験対策_問題.pdf	pdf
KGC共有/KGレポート/試験対策/02.地歴/日本史探究/2023【日本史探究】試験対策_解答.pdf	pdf
KGC共有/KGレポート/試験対策/02.地歴/歴史総合/2023【歴史総合】試験対策_問題.pdf	pdf
KGC共有/KGレポート/試験対策/02.地歴/歴史総合/2023【歴史総合】試験対策_解答.pdf	pdf
KGC共有/KGレポート/試験対策/03.公民/倫理/2023【倫理】試験対策_問題.pdf	pdf
KGC共有/KGレポート/試験対策/03.公民/倫理/2023【倫理】試験対策_解答.pdf	pdf
KGC共有/KGレポート/試験対策/03.公民/公共/2023【公共】試験対策_問題.pdf	pdf
KGC共有/KGレポート/試験対策/03.公民/公共/2023【公共】試験対策_解答.pdf	pdf
KGC共有/KGレポート/試験対策/03.公民/政治経済/2023【政治経済】試験対策_問題.pdf	pdf
KGC共有/KGレポート/試験対策/03.公民/政治経済/2023【政治経済】試験対策_解答.pdf	pdf
KGC共有/KGレポート/試験対策/04.数学/数学A/2023【数学A】試験対策_問題.pdf	pdf
KGC共有/KGレポート/試験対策/04.数学/数学A/2023【数学A】試験対策_解答.pdf	pdf
KGC共有/KGレポート/試験対策/04.数学/数学B/2023【数学Ｂ】試験対策_問題.pdf	pdf
KGC共有/KGレポート/試験対策/04.数学/数学B/2023【数学Ｂ】試験対策_解答.pdf	pdf
KGC共有/KGレポート/試験対策/04.数学/数学Ⅰ/2023【数学Ⅰ】試験対策_問題.pdf	pdf
KGC共有/KGレポート/試験対策/04.数学/数学Ⅰ/2023【数学Ⅰ】試験対策_解答.pdf	pdf
KGC共有/KGレポート/試験対策/04.数学/数学Ⅱ/2023【数学Ⅱ】試験対策_問題.pdf	pdf
KGC共有/KGレポート/試験対策/04.数学/数学Ⅱ/2023【数学Ⅱ】試験対策_解答.pdf	pdf
KGC共有/KGレポート/試験対策/04.数学/数学Ⅲ/2023【数学Ⅲ】試験対策_問題.pdf	pdf
KGC共有/KGレポート/試験対策/04.数学/数学Ⅲ/2023【数学Ⅲ】試験対策_解答.pdf	pdf
KGC共有/KGレポート/試験対策/05.理科/化学/2023【化学】試験対策問題_問題.pdf	pdf
KGC共有/KGレポート/試験対策/05.理科/化学/2023【化学】試験対策問題_解答.pdf	pdf
KGC共有/KGレポート/試験対策/05.理科/化学基礎/2023【化学基礎】試験対策問題_問題.pdf	pdf
KGC共有/KGレポート/試験対策/05.理科/化学基礎/2023【化学基礎】試験対策問題_解答.pdf	pdf
KGC共有/KGレポート/試験対策/05.理科/物理/2023【物理】試験対策問題_問題.pdf	pdf
KGC共有/KGレポート/試験対策/05.理科/物理/2023【物理】試験対策問題_解答.pdf	pdf
KGC共有/KGレポート/試験対策/05.理科/物理基礎/2023【物理基礎】試験対策問題_問題.pdf	pdf
KGC共有/KGレポート/試験対策/05.理科/物理基礎/2023【物理基礎】試験対策問題_解答.pdf	pdf
KGC共有/KGレポート/試験対策/05.理科/生物/2023【生物】試験対策問題_問題.pdf	pdf
KGC共有/KGレポート/試験対策/05.理科/生物/2023【生物】試験対策問題_解答 .pdf	pdf
KGC共有/KGレポート/試験対策/05.理科/生物基礎/2023【生物基礎】 試験対策問題_問題.pdf	pdf
KGC共有/KGレポート/試験対策/05.理科/生物基礎/2023【生物基礎】 試験対策問題_解答 .pdf	pdf
KGC共有/KGレポート/試験対策/05.理科/科学と人間生活/2023【科学と人間生活】試験対策問題_問題.pdf	pdf
KGC共有/KGレポート/試験対策/05.理科/科学と人間生活/2023【科学と人間生活】試験対策問題_解答.pdf	pdf
KGC共有/KGレポート/試験対策/06.保健体育/体育1/2023【体育１】試験対策_問題.pdf	pdf
KGC共有/KGレポート/試験対策/06.保健体育/体育1/2023【体育１】試験対策_解答.pdf	pdf
KGC共有/KGレポート/試験対策/06.保健体育/体育2/2023【体育２】試験対策_問題.pdf	pdf
KGC共有/KGレポート/試験対策/06.保健体育/体育2/2023【体育２】試験対策_解答.pdf	pdf
KGC共有/KGレポート/試験対策/06.保健体育/体育3/2023【体育３】試験対策_問題.pdf	pdf
KGC共有/KGレポート/試験対策/06.保健体育/体育3/2023【体育３】試験対策_解答.pdf	pdf
KGC共有/KGレポート/試験対策/06.保健体育/体育4/2023【体育４】試験対策_問題.pdf	pdf
KGC共有/KGレポート/試験対策/06.保健体育/体育4/2023【体育４】試験対策_解答.pdf	pdf
KGC共有/KGレポート/試験対策/06.保健体育/保健1/2023【保健１】試験対策_問題.pdf	pdf
KGC共有/KGレポート/試験対策/06.保健体育/保健1/2023【保健１】試験対策_解答.pdf	pdf
KGC共有/KGレポート/試験対策/06.保健体育/保健2/2023【保健２】試験対策_問題.pdf	pdf
KGC共有/KGレポート/試験対策/06.保健体育/保健2/2023【保健２】試験対策_解答.pdf	pdf
KGC共有/KGレポート/試験対策/07.芸術/書道Ⅰ/2023【書道Ⅰ】試験対策_問題.pdf	pdf
KGC共有/KGレポート/試験対策/07.芸術/書道Ⅰ/2023【書道Ⅰ】試験対策_解答.pdf	pdf
KGC共有/KGレポート/試験対策/07.芸術/音楽Ⅰ/2023【音楽Ⅰ】試験対策_問題.pdf	pdf
KGC共有/KGレポート/試験対策/07.芸術/音楽Ⅰ/2023【音楽Ⅰ】試験対策_解答.pdf	pdf
KGC共有/KGレポート/試験対策/08.外国語/英語コミュニケーションⅠ/2023【英語コミュニケーションⅠ】試験対策_問題.pdf	pdf
KGC共有/KGレポート/試験対策/08.外国語/英語コミュニケーションⅠ/2023【英語コミュニケーションⅠ】試験対策_解答.pdf	pdf
KGC共有/KGレポート/試験対策/08.外国語/英語コミュニケーションⅡ/2023【英語コミュニケーションⅡ】試験対策_問題.pdf	pdf
KGC共有/KGレポート/試験対策/08.外国語/英語コミュニケーションⅡ/2023【英語コミュニケーションⅡ】試験対策_解答.pdf	pdf
KGC共有/KGレポート/試験対策/08.外国語/論理・表現Ⅰ/2023【論理・表現Ⅰ】試験対策_問題.pdf	pdf
KGC共有/KGレポート/試験対策/08.外国語/論理・表現Ⅰ/2023【論理・表現Ⅰ】試験対策_解答.pdf	pdf
KGC共有/KGレポート/試験対策/09.家庭・情報/家庭総合/2023【家庭総合】試験対策問題_問題.pdf	pdf
KGC共有/KGレポート/試験対策/09.家庭・情報/家庭総合/2023【家庭総合】試験対策問題_解答.pdf	pdf
KGC共有/KGレポート/試験対策/09.家庭・情報/情報Ⅰ/2023【情報Ⅰ】試験対策問題_問題.pdf	pdf
KGC共有/KGレポート/試験対策/09.家庭・情報/情報Ⅰ/2023【情報Ⅰ】試験対策問題_解答.pdf	pdf
KGC共有/KGレポート/試験対策/10.学校設定/数学入門/2023【数学入門】試験対策_問題.pdf	pdf
KGC共有/KGレポート/試験対策/10.学校設定/数学入門/2023【数学入門】試験対策_解答.pdf	pdf
KGC共有/KGレポート/試験対策/10.学校設定/産業社会と人間/2023【産業社会と人間】試験対策_問題.pdf	pdf
KGC共有/KGレポート/試験対策/10.学校設定/産業社会と人間/2023【産業社会と人間】試験対策_解答.pdf	pdf
KGC共有/KGレポート/試験対策/10.学校設定/論理国語入門/2023【論理国語入門】試験対策_問題.pdf	pdf
KGC共有/KGレポート/試験対策/10.学校設定/論理国語入門/2023【論理国語入門】試験対策_解答.pdf	pdf
KGC共有/【就職用】証明書発行願　2022.4.1改訂.pdf	pdf
KGC共有/【進学用】証明書発行願　2022.4.1改訂.pdf	pdf
KGC共有/レポート問題/01.国語/国語表現/R5国語表現(問題)No.1~6.pdf	pdf
KGC共有/レポート問題/01.国語/国語表現/R5国語表現(問題)No.7~12.pdf	pdf
KGC共有/レポート問題/01.国語/国語表現/R5国語表現(提出用紙)No.1~6.pdf	pdf
KGC共有/レポート問題/01.国語/国語表現/R5国語表現(提出用紙)No.7~13.pdf	pdf
KGC共有/レポート問題/01.国語/文学国語/R5文学国語(問題)No.1~6.pdf	pdf
KGC共有/レポート問題/01.国語/文学国語/R5文学国語(問題)No.7~12.pdf	pdf
KGC共有/レポート問題/01.国語/文学国語/R5文学国語(提出用紙)No.1~6.pdf	pdf
KGC共有/レポート問題/01.国語/文学国語/R5文学国語(提出用紙)No.7~13.pdf	pdf
KGC共有/レポート問題/01.国語/現代の国語/R5現代の国語(問題).pdf	pdf
KGC共有/レポート問題/01.国語/現代の国語/R5現代の国語(提出用紙).pdf	pdf
KGC共有/レポート問題/01.国語/言語文化/R5言語文化(問題).pdf	pdf
KGC共有/レポート問題/01.国語/言語文化/R5言語文化(提出用紙).pdf	pdf
KGC共有/レポート問題/02.地歴/世界史探究/R5世界史探究(問題)No.1～6.pdf	pdf
KGC共有/レポート問題/02.地歴/世界史探究/R5世界史探究(問題)No.7~12.pdf	pdf
KGC共有/レポート問題/02.地歴/世界史探究/R5世界史探究(提出用紙)No.1~6.pdf	pdf
KGC共有/レポート問題/02.地歴/世界史探究/R5世界史探究(提出用紙)No.7~13.pdf	pdf
KGC共有/レポート問題/02.地歴/地理探究/R5地理探究(問題)No.1~6.pdf	pdf
KGC共有/レポート問題/02.地歴/地理探究/R5地理探究(問題)No.7~12.pdf	pdf
KGC共有/レポート問題/02.地歴/地理探究/R5地理探究(提出用紙)No.1~6.pdf	pdf
KGC共有/レポート問題/02.地歴/地理探究/R5地理探究(提出用紙)No.7~13.pdf	pdf
KGC共有/レポート問題/02.地歴/地理総合/R5地理総合(提出用紙).pdf	pdf
KGC共有/レポート問題/02.地歴/地理総合/R5地理総合（問題）.pdf	pdf
KGC共有/レポート問題/02.地歴/日本史探究/R5日本史探究(問題)No.1~6.pdf	pdf
KGC共有/レポート問題/02.地歴/日本史探究/R5日本史探究(問題)No7～12.pdf	pdf
KGC共有/レポート問題/02.地歴/日本史探究/R5日本史探究(提出用紙)No.1~6.pdf	pdf
KGC共有/レポート問題/02.地歴/日本史探究/R5日本史探究(提出用紙)No.7~13.pdf	pdf
KGC共有/レポート問題/02.地歴/歴史総合/R5歴史総合(提出用紙).pdf	pdf
KGC共有/レポート問題/02.地歴/歴史総合/R5歴史総合（問題）.pdf	pdf
KGC共有/レポート問題/03.公民/倫理/R5倫理(提出用紙).pdf	pdf
KGC共有/レポート問題/03.公民/倫理/R5倫理（問題）.pdf	pdf
KGC共有/レポート問題/03.公民/公共/R5公共(提出用紙).pdf	pdf
KGC共有/レポート問題/03.公民/公共/R5公共（問題）.pdf	pdf
KGC共有/レポート問題/03.公民/政治経済/R5政治・経済(問題).pdf	pdf
KGC共有/レポート問題/03.公民/政治経済/R5政治・経済(提出用紙).pdf	pdf
KGC共有/レポート問題/04.数学/数学A/R5数学Ａ(問題).pdf	pdf
KGC共有/レポート問題/04.数学/数学A/R5数学Ａ(提出用紙).pdf	pdf
KGC共有/レポート問題/04.数学/数学B/R5数学Ｂ(問題)20230616訂正.pdf	pdf
KGC共有/レポート問題/04.数学/数学B/R5数学Ｂ(提出用紙)20230616訂正.pdf	pdf
KGC共有/レポート問題/04.数学/数学Ⅰ/R5数学Ⅰ(問題)No.1~6.pdf	pdf
KGC共有/レポート問題/04.数学/数学Ⅰ/R5数学Ⅰ(問題)No.7~12.pdf	pdf
KGC共有/レポート問題/04.数学/数学Ⅰ/R5数学Ⅰ(提出用紙)No.1~6.pdf	pdf
KGC共有/レポート問題/04.数学/数学Ⅰ/R5数学Ⅰ(提出用紙)No.7~13.pdf	pdf
KGC共有/レポート問題/04.数学/数学Ⅱ/R5数学Ⅱ(問題)No.1~6.pdf	pdf
KGC共有/レポート問題/04.数学/数学Ⅱ/R5数学Ⅱ(問題)No.7~12.pdf	pdf
KGC共有/レポート問題/04.数学/数学Ⅱ/R5数学Ⅱ(提出用紙)No.1~6.pdf	pdf
KGC共有/レポート問題/04.数学/数学Ⅱ/R5数学Ⅱ(提出用紙)No.7~13.pdf	pdf
KGC共有/レポート問題/04.数学/数学Ⅲ/R5数学Ⅲ（問題）No13～No18.pdf	pdf
KGC共有/レポート問題/04.数学/数学Ⅲ/R5数学Ⅲ（問題）No1～No6.pdf	pdf
KGC共有/レポート問題/04.数学/数学Ⅲ/R5数学Ⅲ（問題）No7～No12.pdf	pdf
KGC共有/レポート問題/04.数学/数学Ⅲ/R5数学Ⅲ（提出用紙）No13～No19.pdf	pdf
KGC共有/レポート問題/04.数学/数学Ⅲ/R5数学Ⅲ（提出用紙）No1～No6.pdf	pdf
KGC共有/レポート問題/04.数学/数学Ⅲ/R5数学Ⅲ（提出用紙）No7～No12.pdf	pdf
KGC共有/レポート問題/05.理科/化学/R5化学(問題)No.1~6.pdf	pdf
KGC共有/レポート問題/05.理科/化学/R5化学(問題)No.7~12.pdf	pdf
KGC共有/レポート問題/05.理科/化学/R5化学(提出用紙)No.1~6.pdf	pdf
KGC共有/レポート問題/05.理科/化学/R5化学(提出用紙)No.7~13.pdf	pdf
KGC共有/レポート問題/05.理科/化学基礎/R5化学基礎(問題).pdf	pdf
KGC共有/レポート問題/05.理科/化学基礎/R5化学基礎(提出用紙).pdf	pdf
KGC共有/レポート問題/05.理科/物理/R5物理(問題)No.1~6.pdf	pdf
KGC共有/レポート問題/05.理科/物理/R5物理(問題)No.7~12.pdf	pdf
KGC共有/レポート問題/05.理科/物理/R5物理(提出用紙)No.1~6.pdf	pdf
KGC共有/レポート問題/05.理科/物理/R5物理(提出用紙)No.7~13.pdf	pdf
KGC共有/レポート問題/05.理科/物理基礎/R5物理基礎(問題).pdf	pdf
KGC共有/レポート問題/05.理科/物理基礎/R5物理基礎(提出用紙).pdf	pdf
KGC共有/レポート問題/05.理科/生物/R5生物(問題)No.1~6.pdf	pdf
KGC共有/レポート問題/05.理科/生物/R5生物(問題)No.7~12.pdf	pdf
KGC共有/レポート問題/05.理科/生物/R5生物(提出用紙)No.1~6.pdf	pdf
KGC共有/レポート問題/05.理科/生物/R5生物(提出用紙)No.7~13.pdf	pdf
KGC共有/レポート問題/05.理科/生物基礎/R5生物基礎(問題).pdf	pdf
KGC共有/レポート問題/05.理科/生物基礎/R5生物基礎(提出用紙).pdf	pdf
KGC共有/レポート問題/05.理科/科学と人間生活/R5科学と人間生活(問題).pdf	pdf
KGC共有/レポート問題/05.理科/科学と人間生活/R5科学と人間生活(提出用紙).pdf	pdf
KGC共有/レポート問題/06.保健体育/体育1/R5体育１(問題).pdf	pdf
KGC共有/レポート問題/06.保健体育/体育1/R5体育１(提出用紙).pdf	pdf
KGC共有/レポート問題/06.保健体育/体育2/R5体育２(問題).pdf	pdf
KGC共有/レポート問題/06.保健体育/体育2/R5体育２(提出用紙).pdf	pdf
KGC共有/レポート問題/06.保健体育/体育3/R5体育３(問題).pdf	pdf
KGC共有/レポート問題/06.保健体育/体育3/R5体育３(提出用紙).pdf	pdf
KGC共有/レポート問題/06.保健体育/体育4/R5体育４(問題).pdf	pdf
KGC共有/レポート問題/06.保健体育/体育4/R5体育４(提出用紙).pdf	pdf
KGC共有/レポート問題/06.保健体育/保健1/R5保健１(問題).pdf	pdf
KGC共有/レポート問題/06.保健体育/保健1/R5保健１(提出用紙).pdf	pdf
KGC共有/レポート問題/06.保健体育/保健2/R5保健２(問題).pdf	pdf
KGC共有/レポート問題/06.保健体育/保健2/R5保健２(提出用紙).pdf	pdf
KGC共有/レポート問題/07.芸術/書道/R5書道Ⅰ(問題).pdf	pdf
KGC共有/レポート問題/07.芸術/書道/R5書道Ⅰ(提出用紙).pdf	pdf
KGC共有/レポート問題/07.芸術/音楽/R5音楽Ⅰ(問題).pdf	pdf
KGC共有/レポート問題/07.芸術/音楽/R5音楽Ⅰ(提出用紙).pdf	pdf
KGC共有/レポート問題/08.外国語(英語)/英語コミュニケーションⅠ/R5英語コミュニケーションⅠ(問題)No.1～6.pdf	pdf
KGC共有/レポート問題/08.外国語(英語)/英語コミュニケーションⅠ/R5英語コミュニケーションⅠ(問題)No.7～12.pdf	pdf
KGC共有/レポート問題/08.外国語(英語)/英語コミュニケーションⅠ/R5英語コミュニケーションⅠ(提出用紙)No.1~6.pdf	pdf
KGC共有/レポート問題/08.外国語(英語)/英語コミュニケーションⅠ/R5英語コミュニケーションⅠ(提出用紙)No.7~13.pdf	pdf
KGC共有/レポート問題/08.外国語(英語)/英語コミュニケーションⅡ/2023英語コミュニケーションⅡ（問題）No1～6.pdf	pdf
KGC共有/レポート問題/08.外国語(英語)/英語コミュニケーションⅡ/2023英語コミュニケーションⅡ（問題）No7～12.pdf	pdf
KGC共有/レポート問題/08.外国語(英語)/英語コミュニケーションⅡ/R5 英語コミュニケーションⅡ（提出用紙）No.1~6.pdf	pdf
KGC共有/レポート問題/08.外国語(英語)/英語コミュニケーションⅡ/R5 英語コミュニケーションⅡ（提出用紙）No.7～13.pdf	pdf
KGC共有/レポート問題/08.外国語(英語)/論理・表現Ⅰ/R5 論理・表現Ⅰレポート（問題）.pdf	pdf
KGC共有/レポート問題/08.外国語(英語)/論理・表現Ⅰ/R5論理・表現Ⅰ(提出用紙).pdf	pdf
KGC共有/レポート問題/09.家庭・情報/家庭総合/R5家庭総合(問題)No.1~4.pdf	pdf
KGC共有/レポート問題/09.家庭・情報/家庭総合/R5家庭総合(問題)No.5~8.pdf	pdf
KGC共有/レポート問題/09.家庭・情報/家庭総合/R5家庭総合(提出用紙)No.1~4.pdf	pdf
KGC共有/レポート問題/09.家庭・情報/家庭総合/R5家庭総合(提出用紙)No.5~9.pdf	pdf
KGC共有/レポート問題/09.家庭・情報/情報/R5情報Ⅰ(問題).pdf	pdf
KGC共有/レポート問題/09.家庭・情報/情報/R5情報Ⅰ(提出用紙).pdf	pdf
KGC共有/令和6年度通信制実務マニュアル.pdf	pdf
KGC共有/学習等支援施設画面更新マニュアル.pdf	pdf
KGC共有/視聴票/01.国語/国語表現/DVD/2023視聴票【国語表現①教科書DVD】問題.pdf	pdf
KGC共有/視聴票/01.国語/国語表現/DVD/2023視聴票【国語表現②教科書DVD】問題.pdf	pdf
KGC共有/視聴票/01.国語/国語表現/DVD/2023視聴票【国語表現③教科書DVD】問題.pdf	pdf
KGC共有/視聴票/01.国語/国語表現/DVD/2023視聴票【国語表現④教科書DVD】問題.pdf	pdf
KGC共有/視聴票/01.国語/国語表現/NHK/2023視聴票【国語表現①NHK高校講座】問題.pdf	pdf
KGC共有/視聴票/01.国語/国語表現/NHK/2023視聴票【国語表現②NHK高校講座】問題.pdf	pdf
KGC共有/視聴票/01.国語/国語表現/NHK/2023視聴票【国語表現③NHK高校講座】問題.pdf	pdf
KGC共有/視聴票/01.国語/国語表現/NHK/2023視聴票【国語表現➃NHK高校講座】問題.pdf	pdf
KGC共有/視聴票/01.国語/文学国語（現代文B）/DVD/2023視聴票【文学国語(現代文B)①教科書DVD】問題.pdf	pdf
KGC共有/視聴票/01.国語/文学国語（現代文B）/DVD/2023視聴票【文学国語(現代文B)②教科書DVD】問題.pdf	pdf
KGC共有/視聴票/01.国語/文学国語（現代文B）/DVD/2023視聴票【文学国語(現代文B)③教科書DVD】問題.pdf	pdf
KGC共有/視聴票/01.国語/文学国語（現代文B）/DVD/2023視聴票【文学国語(現代文B)④教科書DVD】問題.pdf	pdf
KGC共有/視聴票/01.国語/文学国語（現代文B）/NHK/2023視聴票【文学国語①NHK高校講座】問題.pdf	pdf
KGC共有/視聴票/01.国語/文学国語（現代文B）/NHK/2023視聴票【文学国語②NHK高校講座】問題.pdf	pdf
KGC共有/視聴票/01.国語/文学国語（現代文B）/NHK/2023視聴票【文学国語③NHK高校講座】問題.pdf	pdf
KGC共有/視聴票/01.国語/現代の国語（国語総合①）/DVD/2023視聴票【現代の国語①教科書DVD】問題.pdf	pdf
KGC共有/視聴票/01.国語/現代の国語（国語総合①）/DVD/2023視聴票【現代の国語②教科書DVD】問題.pdf	pdf
KGC共有/視聴票/01.国語/現代の国語（国語総合①）/NHK/2023視聴票【現代の国語①NHK高校講座】問題.pdf	pdf
KGC共有/視聴票/01.国語/現代の国語（国語総合①）/NHK/2023視聴票【現代の国語②NHK高校講座】問題.pdf	pdf
KGC共有/視聴票/01.国語/言語文化（国語総合②）/DVD/2023視聴票【言語文化①教科書DVD】問題.pdf	pdf
KGC共有/視聴票/01.国語/言語文化（国語総合②）/DVD/2023視聴票【言語文化②教科書DVD】問題.pdf	pdf
KGC共有/視聴票/01.国語/言語文化（国語総合②）/NHK/2023視聴票【言語文化①NHK高校講座】問題.pdf	pdf
KGC共有/視聴票/01.国語/言語文化（国語総合②）/NHK/2023視聴票【言語文化②NHK高校講座】問題.pdf	pdf
KGC共有/視聴票/02.地理歴史/世界史探究（世界史B）/DVD/2023視聴票【世界史探究(世界史B)①教科書DVD】問題.pdf	pdf
KGC共有/視聴票/02.地理歴史/世界史探究（世界史B）/DVD/2023視聴票【世界史探究(世界史B)②教科書DVD】問題.pdf	pdf
KGC共有/視聴票/02.地理歴史/世界史探究（世界史B）/DVD/2023視聴票【世界史探究(世界史B)③教科書DVD】問題.pdf	pdf
KGC共有/視聴票/02.地理歴史/世界史探究（世界史B）/DVD/2023視聴票【世界史探究(世界史B)④教科書DVD】問題.pdf	pdf
KGC共有/視聴票/02.地理歴史/世界史探究（世界史B）/NHK/2023視聴票【世界史探究(世界史Ｂ)①NHK高校講座】問題.pdf	pdf
KGC共有/視聴票/02.地理歴史/世界史探究（世界史B）/NHK/2023視聴票【世界史探究(世界史Ｂ)②NHK高校講座】問題.pdf	pdf
KGC共有/視聴票/02.地理歴史/世界史探究（世界史B）/NHK/2023視聴票【世界史探究(世界史Ｂ)③NHK高校講座】問題.pdf	pdf
KGC共有/視聴票/02.地理歴史/世界史探究（世界史B）/NHK/2023視聴票【世界史探究(世界史Ｂ)④NHK高校講座】問題.pdf	pdf
KGC共有/視聴票/02.地理歴史/地理探究（地理B）/DVD/2023視聴票【地理探究（地理Ｂ）①教科書DVD】問題.pdf	pdf
KGC共有/視聴票/02.地理歴史/地理探究（地理B）/DVD/2023視聴票【地理探究（地理Ｂ）②教科書DVD】問題.pdf	pdf
KGC共有/視聴票/02.地理歴史/地理探究（地理B）/DVD/2023視聴票【地理探究（地理Ｂ）③教科書DVD】問題.pdf	pdf
KGC共有/視聴票/02.地理歴史/地理探究（地理B）/DVD/2023視聴票【地理探究（地理Ｂ）④教科書DVD】問題.pdf	pdf
KGC共有/視聴票/02.地理歴史/地理探究（地理B）/NHK/2023視聴票【地理探究(地理B)①NHK高校講座】問題.pdf	pdf
KGC共有/視聴票/02.地理歴史/地理探究（地理B）/NHK/2023視聴票【地理探究(地理B)②NHK高校講座】問題.pdf	pdf
KGC共有/視聴票/02.地理歴史/地理探究（地理B）/NHK/2023視聴票【地理探究(地理B)③NHK高校講座】問題.pdf	pdf
KGC共有/視聴票/02.地理歴史/地理探究（地理B）/NHK/2023視聴票【地理探究(地理B)④NHK高校講座】問題.pdf	pdf
KGC共有/視聴票/02.地理歴史/地理総合/DVD/2023視聴票【地理総合①教科書DVD】問題.pdf	pdf
KGC共有/視聴票/02.地理歴史/地理総合/DVD/2023視聴票【地理総合②教科書DVD】問題.pdf	pdf
KGC共有/視聴票/02.地理歴史/地理総合/NHK/2023視聴票【地理総合①NHK高校講座】問題.pdf	pdf
KGC共有/視聴票/02.地理歴史/地理総合/NHK/2023視聴票【地理総合②NHK高校講座】問題.pdf	pdf
KGC共有/視聴票/02.地理歴史/日本史探究（日本史B）/DVD/2023視聴票【日本史探究（日本史B）①教科書ＤＶＤ】問題.pdf	pdf
KGC共有/視聴票/02.地理歴史/日本史探究（日本史B）/DVD/2023視聴票【日本史探究（日本史B）②教科書ＤＶＤ】問題.pdf	pdf
KGC共有/視聴票/02.地理歴史/日本史探究（日本史B）/DVD/2023視聴票【日本史探究（日本史B）③教科書ＤＶＤ】問題.pdf	pdf
KGC共有/視聴票/02.地理歴史/日本史探究（日本史B）/DVD/2023視聴票【日本史探究（日本史B）④教科書ＤＶＤ】問題.pdf	pdf
KGC共有/視聴票/02.地理歴史/日本史探究（日本史B）/NHK/2023視聴票【日本史探究①NHK高校講座】問題.pdf	pdf
KGC共有/視聴票/02.地理歴史/日本史探究（日本史B）/NHK/2023視聴票【日本史探究②NHK高校講座】問題.pdf	pdf
KGC共有/視聴票/02.地理歴史/日本史探究（日本史B）/NHK/2023視聴票【日本史探究③NHK高校講座】問題.pdf	pdf
KGC共有/視聴票/02.地理歴史/歴史総合/DVD/2023視聴票【歴史総合①教科書DVD】問題.pdf	pdf
KGC共有/視聴票/02.地理歴史/歴史総合/DVD/2023視聴票【歴史総合②教科書DVD】問題.pdf	pdf
KGC共有/視聴票/02.地理歴史/歴史総合/NHK/2023視聴票【歴史総合①NHK高校講座】問題.pdf	pdf
KGC共有/視聴票/02.地理歴史/歴史総合/NHK/2023視聴票【歴史総合②NHK高校講座】問題.pdf	pdf
KGC共有/視聴票/03.公民/倫理/DVD/2023視聴票【倫理①教科書ＤＶＤ】問題.pdf	pdf
KGC共有/視聴票/03.公民/倫理/DVD/2023視聴票【倫理②教科書ＤＶＤ】問題.pdf	pdf
KGC共有/視聴票/03.公民/倫理/NHK/2023視聴票【倫理①NHK高校講座】問題.pdf	pdf
KGC共有/視聴票/03.公民/倫理/NHK/2023視聴票【倫理②NHK高校講座】問題.pdf	pdf
KGC共有/視聴票/03.公民/公共（現代社会）/DVD/2023視聴票【公共①教科書DVD】問題.pdf	pdf
KGC共有/視聴票/03.公民/公共（現代社会）/DVD/2023視聴票【公共②教科書DVD】問題.pdf	pdf
KGC共有/視聴票/03.公民/公共（現代社会）/NHK/2023視聴票【公共①NHK高校講座】問題.pdf	pdf
KGC共有/視聴票/03.公民/公共（現代社会）/NHK/2023視聴票【公共②NHK高校講座】問題.pdf	pdf
KGC共有/視聴票/03.公民/政治・経済/DVD/2023視聴票【政治・経済①教科書DVD】問題.pdf	pdf
KGC共有/視聴票/03.公民/政治・経済/DVD/2023視聴票【政治・経済②教科書DVD】問題.pdf	pdf
KGC共有/視聴票/03.公民/政治・経済/NHK/2023視聴票【政治・経済①NHK高校講座】問題.pdf	pdf
KGC共有/視聴票/03.公民/政治・経済/NHK/2023視聴票【政治・経済②NHK高校講座】問題.pdf	pdf
KGC共有/視聴票/04.数学/数学A/DVD/2023視聴票【数学A①教科書DVD】問題.pdf	pdf
KGC共有/視聴票/04.数学/数学A/DVD/2023視聴票【数学A②教科書DVD】問題.pdf	pdf
KGC共有/視聴票/04.数学/数学A/NHK/2023視聴票【数学A①NHK高校講座】問題.pdf	pdf
KGC共有/視聴票/04.数学/数学B/2023視聴票【数学B①教科書DVD】問題.pdf	pdf
KGC共有/視聴票/04.数学/数学B/2023視聴票【数学B②教科書DVD】問題.pdf	pdf
KGC共有/視聴票/04.数学/数学Ⅰ/DVD/2023視聴票【数学Ⅰ①教科書DVD】問題.pdf	pdf
KGC共有/視聴票/04.数学/数学Ⅰ/DVD/2023視聴票【数学Ⅰ②教科書DVD】問題.pdf	pdf
KGC共有/視聴票/04.数学/数学Ⅰ/DVD/2023視聴票【数学Ⅰ③教科書DVD】問題.pdf	pdf
KGC共有/視聴票/04.数学/数学Ⅰ/DVD/2023視聴票【数学Ⅰ④教科書DVD】問題.pdf	pdf
KGC共有/視聴票/04.数学/数学Ⅰ/NHK/2023視聴票【数学Ⅰ①NHK高校講座】問題.pdf	pdf
KGC共有/視聴票/04.数学/数学Ⅰ/NHK/2023視聴票【数学Ⅰ②NHK高校講座】問題.pdf	pdf
KGC共有/視聴票/04.数学/数学Ⅰ/NHK/2023視聴票【数学Ⅰ③NHK高校講座】問題.pdf	pdf
KGC共有/視聴票/04.数学/数学Ⅰ/NHK/2023視聴票【数学Ⅰ④NHK高校講座】問題.pdf	pdf
KGC共有/視聴票/04.数学/数学Ⅱ/DVD/2023視聴票【数学Ⅱ①教科書DVD】問題.pdf	pdf
KGC共有/視聴票/04.数学/数学Ⅱ/DVD/2023視聴票【数学Ⅱ②教科書DVD】問題.pdf	pdf
KGC共有/視聴票/04.数学/数学Ⅱ/DVD/2023視聴票【数学Ⅱ③教科書DVD】問題.pdf	pdf
KGC共有/視聴票/04.数学/数学Ⅱ/DVD/2023視聴票【数学Ⅱ④教科書DVD】問題.pdf	pdf
KGC共有/視聴票/04.数学/数学Ⅱ/NHK/2023視聴票【数学Ⅱ①NHK高校講座】問題.pdf	pdf
KGC共有/視聴票/04.数学/数学Ⅱ/NHK/2023視聴票【数学Ⅱ②NHK高校講座】問題.pdf	pdf
KGC共有/視聴票/04.数学/数学Ⅱ/NHK/2023視聴票【数学Ⅱ③NHK高校講座】問題.pdf	pdf
KGC共有/視聴票/04.数学/数学Ⅱ/NHK/2023視聴票【数学Ⅱ④NHK高校講座】問題.pdf	pdf
KGC共有/視聴票/04.数学/数学Ⅲ/2023視聴票_問題【数学Ⅲ①DVD】.pdf	pdf
KGC共有/視聴票/04.数学/数学Ⅲ/2023視聴票_問題【数学Ⅲ②DVD】.pdf	pdf
KGC共有/視聴票/04.数学/数学Ⅲ/2023視聴票_問題【数学Ⅲ③DVD】.pdf	pdf
KGC共有/視聴票/04.数学/数学Ⅲ/2023視聴票_問題【数学Ⅲ④DVD】.pdf	pdf
KGC共有/視聴票/04.数学/数学Ⅲ/2023視聴票_問題【数学Ⅲ⑤DVD】.pdf	pdf
KGC共有/視聴票/04.数学/数学Ⅲ/2023視聴票_問題【数学Ⅲ⑥DVD】.pdf	pdf
KGC共有/視聴票/05.理科/化学/2023視聴票_問題【化学①】.pdf	pdf
KGC共有/視聴票/05.理科/化学/2023視聴票_問題【化学②】.pdf	pdf
KGC共有/視聴票/05.理科/化学/2023視聴票_問題【化学③】.pdf	pdf
KGC共有/視聴票/05.理科/化学/2023視聴票_問題【化学④】.pdf	pdf
KGC共有/視聴票/05.理科/化学/2023視聴票_問題【化学⑤】.pdf	pdf
KGC共有/視聴票/05.理科/化学/2023視聴票_問題【化学⑥】.pdf	pdf
KGC共有/視聴票/05.理科/化学/2023視聴票_問題【化学⑦】.pdf	pdf
KGC共有/視聴票/05.理科/化学/2023視聴票_問題【化学⑧】.pdf	pdf
KGC共有/視聴票/05.理科/化学/2023視聴票_問題【化学⑨】.pdf	pdf
KGC共有/視聴票/05.理科/化学/2023視聴票_問題【化学⑩】.pdf	pdf
KGC共有/視聴票/05.理科/化学/2023視聴票_問題【化学⑪】.pdf	pdf
KGC共有/視聴票/05.理科/化学/2023視聴票_問題【化学⑫】.pdf	pdf
KGC共有/視聴票/05.理科/化学/2023視聴票_問題【化学⑬】.pdf	pdf
KGC共有/視聴票/05.理科/化学/2023視聴票_問題【化学⑭】.pdf	pdf
KGC共有/視聴票/05.理科/化学/2023視聴票_問題【化学⑮】.pdf	pdf
KGC共有/視聴票/05.理科/化学/2023視聴票_問題【化学⑯】.pdf	pdf
KGC共有/視聴票/05.理科/化学基礎/DVD/2023視聴票【化学基礎①教科書DVD】問題.pdf	pdf
KGC共有/視聴票/05.理科/化学基礎/DVD/2023視聴票【化学基礎②教科書DVD】問題.pdf	pdf
KGC共有/視聴票/05.理科/化学基礎/DVD/2023視聴票【化学基礎③教科書DVD】問題.pdf	pdf
KGC共有/視聴票/05.理科/化学基礎/DVD/2023視聴票【化学基礎④教科書DVD】問題.pdf	pdf
KGC共有/視聴票/05.理科/化学基礎/DVD/2023視聴票【化学基礎⑤教科書DVD】問題.pdf	pdf
KGC共有/視聴票/05.理科/化学基礎/DVD/2023視聴票【化学基礎⑥教科書DVD】問題.pdf	pdf
KGC共有/視聴票/05.理科/化学基礎/DVD/2023視聴票【化学基礎⑦教科書DVD】問題.pdf	pdf
KGC共有/視聴票/05.理科/化学基礎/DVD/2023視聴票【化学基礎⑧教科書DVD】問題.pdf	pdf
KGC共有/視聴票/05.理科/化学基礎/NHK/2023視聴票【化学基礎①NHK高校講座】問題.pdf	pdf
KGC共有/視聴票/05.理科/化学基礎/NHK/2023視聴票【化学基礎②NHK高校講座】問題.pdf	pdf
KGC共有/視聴票/05.理科/化学基礎/NHK/2023視聴票【化学基礎③NHK高校講座】問題.pdf	pdf
KGC共有/視聴票/05.理科/化学基礎/NHK/2023視聴票【化学基礎④NHK高校講座】問題.pdf	pdf
KGC共有/視聴票/05.理科/化学基礎/NHK/2023視聴票【化学基礎⑤NHK高校講座】問題.pdf	pdf
KGC共有/視聴票/05.理科/化学基礎/NHK/2023視聴票【化学基礎⑥NHK高校講座】問題.pdf	pdf
KGC共有/視聴票/05.理科/化学基礎/NHK/2023視聴票【化学基礎⑦NHK高校講座】問題.pdf	pdf
KGC共有/視聴票/05.理科/化学基礎/NHK/2023視聴票【化学基礎⑧NHK高校講座】問題.pdf	pdf
KGC共有/視聴票/05.理科/物理/2023視聴票【物理①教科書DVD】問題.pdf	pdf
KGC共有/視聴票/05.理科/物理/2023視聴票【物理②教科書DVD】問題.pdf	pdf
KGC共有/視聴票/05.理科/物理/2023視聴票【物理③教科書DVD】問題.pdf	pdf
KGC共有/視聴票/05.理科/物理/2023視聴票【物理④教科書DVD】問題.pdf	pdf
KGC共有/視聴票/05.理科/物理/2023視聴票【物理⑤教科書DVD】問題.pdf	pdf
KGC共有/視聴票/05.理科/物理/2023視聴票【物理⑥教科書DVD】問題.pdf	pdf
KGC共有/視聴票/05.理科/物理/2023視聴票【物理⑦教科書DVD】問題.pdf	pdf
KGC共有/視聴票/05.理科/物理/2023視聴票【物理⑧教科書DVD】問題.pdf	pdf
KGC共有/視聴票/05.理科/物理/2023視聴票【物理⑨教科書DVD】問題.pdf	pdf
KGC共有/視聴票/05.理科/物理/2023視聴票【物理⑩教科書DVD】問題.pdf	pdf
KGC共有/視聴票/05.理科/物理/2023視聴票【物理⑪教科書DVD】問題.pdf	pdf
KGC共有/視聴票/05.理科/物理/2023視聴票【物理⑫教科書DVD】問題.pdf	pdf
KGC共有/視聴票/05.理科/物理/2023視聴票【物理⑬教科書DVD】問題.pdf	pdf
KGC共有/視聴票/05.理科/物理/2023視聴票【物理⑭教科書DVD】問題.pdf	pdf
KGC共有/視聴票/05.理科/物理/2023視聴票【物理⑮教科書DVD】問題.pdf	pdf
KGC共有/視聴票/05.理科/物理/2023視聴票【物理⑯教科書DVD】問題.pdf	pdf
KGC共有/視聴票/05.理科/物理基礎/DVD/2023視聴票【物理基礎①教科書DVD】問題.pdf	pdf
KGC共有/視聴票/05.理科/物理基礎/DVD/2023視聴票【物理基礎②教科書DVD】問題.pdf	pdf
KGC共有/視聴票/05.理科/物理基礎/DVD/2023視聴票【物理基礎③教科書DVD】問題.pdf	pdf
KGC共有/視聴票/05.理科/物理基礎/DVD/2023視聴票【物理基礎④教科書DVD】問題.pdf	pdf
KGC共有/視聴票/05.理科/物理基礎/DVD/2023視聴票【物理基礎⑤教科書DVD】問題.pdf	pdf
KGC共有/視聴票/05.理科/物理基礎/DVD/2023視聴票【物理基礎⑥教科書DVD】問題.pdf	pdf
KGC共有/視聴票/05.理科/物理基礎/DVD/2023視聴票【物理基礎⑦教科書DVD】問題.pdf	pdf
KGC共有/視聴票/05.理科/物理基礎/DVD/2023視聴票【物理基礎⑧教科書DVD】問題.pdf	pdf
KGC共有/視聴票/05.理科/物理基礎/NHK/2023視聴票【物理基礎①NHK高校講座】問題.pdf	pdf
KGC共有/視聴票/05.理科/物理基礎/NHK/2023視聴票【物理基礎②NHK高校講座】問題.pdf	pdf
KGC共有/視聴票/05.理科/物理基礎/NHK/2023視聴票【物理基礎③NHK高校講座】問題.pdf	pdf
KGC共有/視聴票/05.理科/物理基礎/NHK/2023視聴票【物理基礎④NHK高校講座】問題.pdf	pdf
KGC共有/視聴票/05.理科/物理基礎/NHK/2023視聴票【物理基礎⑤NHK高校講座】問題.pdf	pdf
KGC共有/視聴票/05.理科/物理基礎/NHK/2023視聴票【物理基礎⑥NHK高校講座】問題.pdf	pdf
KGC共有/視聴票/05.理科/物理基礎/NHK/2023視聴票【物理基礎⑦NHK高校講座】問題.pdf	pdf
KGC共有/視聴票/05.理科/物理基礎/NHK/2023視聴票【物理基礎⑧NHK高校講座】問題.pdf	pdf
KGC共有/視聴票/05.理科/生物/2023視聴票_問題【生物①】.pdf	pdf
KGC共有/視聴票/05.理科/生物/2023視聴票_問題【生物②】.pdf	pdf
KGC共有/視聴票/05.理科/生物/2023視聴票_問題【生物③】.pdf	pdf
KGC共有/視聴票/05.理科/生物/2023視聴票_問題【生物④】.pdf	pdf
KGC共有/視聴票/05.理科/生物/2023視聴票_問題【生物⑤】.pdf	pdf
KGC共有/視聴票/05.理科/生物/2023視聴票_問題【生物⑥】.pdf	pdf
KGC共有/視聴票/05.理科/生物/2023視聴票_問題【生物⑦】.pdf	pdf
KGC共有/視聴票/05.理科/生物/2023視聴票_問題【生物⑧】.pdf	pdf
KGC共有/視聴票/05.理科/生物/2023視聴票_問題【生物⑨】.pdf	pdf
KGC共有/視聴票/05.理科/生物/2023視聴票_問題【生物⑩】.pdf	pdf
KGC共有/視聴票/05.理科/生物/2023視聴票_問題【生物⑪】.pdf	pdf
KGC共有/視聴票/05.理科/生物/2023視聴票_問題【生物⑫】.pdf	pdf
KGC共有/視聴票/05.理科/生物/2023視聴票_問題【生物⑬】.pdf	pdf
KGC共有/視聴票/05.理科/生物/2023視聴票_問題【生物⑭】.pdf	pdf
KGC共有/視聴票/05.理科/生物/2023視聴票_問題【生物⑮】.pdf	pdf
KGC共有/視聴票/05.理科/生物/2023視聴票_問題【生物⑯】.pdf	pdf
KGC共有/視聴票/05.理科/生物基礎/DVD/2023視聴票【生物基礎①教科書DVD】問題.pdf	pdf
KGC共有/視聴票/05.理科/生物基礎/DVD/2023視聴票【生物基礎②教科書DVD】問題.pdf	pdf
KGC共有/視聴票/05.理科/生物基礎/DVD/2023視聴票【生物基礎③教科書DVD】問題.pdf	pdf
KGC共有/視聴票/05.理科/生物基礎/DVD/2023視聴票【生物基礎④教科書DVD】問題.pdf	pdf
KGC共有/視聴票/05.理科/生物基礎/DVD/2023視聴票【生物基礎⑤教科書DVD】問題.pdf	pdf
KGC共有/視聴票/05.理科/生物基礎/DVD/2023視聴票【生物基礎⑥教科書DVD】問題.pdf	pdf
KGC共有/視聴票/05.理科/生物基礎/DVD/2023視聴票【生物基礎⑦教科書DVD】問題.pdf	pdf
KGC共有/視聴票/05.理科/生物基礎/DVD/2023視聴票【生物基礎⑧教科書DVD】問題.pdf	pdf
KGC共有/視聴票/05.理科/生物基礎/NHK/2023視聴票【生物基礎①NHK高校講座】問題.pdf	pdf
KGC共有/視聴票/05.理科/生物基礎/NHK/2023視聴票【生物基礎②NHK高校講座】問題.pdf	pdf
KGC共有/視聴票/05.理科/生物基礎/NHK/2023視聴票【生物基礎③NHK高校講座】問題.pdf	pdf
KGC共有/視聴票/05.理科/生物基礎/NHK/2023視聴票【生物基礎④NHK高校講座】問題.pdf	pdf
KGC共有/視聴票/05.理科/生物基礎/NHK/2023視聴票【生物基礎⑤NHK高校講座】問題.pdf	pdf
KGC共有/視聴票/05.理科/生物基礎/NHK/2023視聴票【生物基礎⑥NHK高校講座】問題.pdf	pdf
KGC共有/視聴票/05.理科/生物基礎/NHK/2023視聴票【生物基礎⑦NHK高校講座】問題.pdf	pdf
KGC共有/視聴票/05.理科/生物基礎/NHK/2023視聴票【生物基礎⑧NHK高校講座】問題.pdf	pdf
KGC共有/視聴票/05.理科/科学と人間生活/DVD/2023視聴票【科学と人間生活①教科書DVD】問題.pdf	pdf
KGC共有/視聴票/05.理科/科学と人間生活/DVD/2023視聴票【科学と人間生活②教科書DVD】問題.pdf	pdf
KGC共有/視聴票/05.理科/科学と人間生活/DVD/2023視聴票【科学と人間生活③教科書DVD】問題.pdf	pdf
KGC共有/視聴票/05.理科/科学と人間生活/DVD/2023視聴票【科学と人間生活④教科書DVD】問題.pdf	pdf
KGC共有/視聴票/05.理科/科学と人間生活/DVD/2023視聴票【科学と人間生活⑤教科書DVD】問題.pdf	pdf
KGC共有/視聴票/05.理科/科学と人間生活/DVD/2023視聴票【科学と人間生活⑥教科書DVD】問題.pdf	pdf
KGC共有/視聴票/05.理科/科学と人間生活/DVD/2023視聴票【科学と人間生活⑦教科書DVD】問題.pdf	pdf
KGC共有/視聴票/05.理科/科学と人間生活/DVD/2023視聴票【科学と人間生活⑧教科書DVD】問題.pdf	pdf
KGC共有/視聴票/05.理科/科学と人間生活/NHK/2023視聴票【科学と人間生活①NHK高校講座】問題.pdf	pdf
KGC共有/視聴票/05.理科/科学と人間生活/NHK/2023視聴票【科学と人間生活②NHK高校講座】問題.pdf	pdf
KGC共有/視聴票/05.理科/科学と人間生活/NHK/2023視聴票【科学と人間生活③NHK高校講座】問題.pdf	pdf
KGC共有/視聴票/05.理科/科学と人間生活/NHK/2023視聴票【科学と人間生活④NHK高校講座】問題.pdf	pdf
KGC共有/視聴票/05.理科/科学と人間生活/NHK/2023視聴票【科学と人間生活⑤NHK高校講座】問題.pdf	pdf
KGC共有/視聴票/05.理科/科学と人間生活/NHK/2023視聴票【科学と人間生活⑥NHK高校講座】問題.pdf	pdf
KGC共有/視聴票/05.理科/科学と人間生活/NHK/2023視聴票【科学と人間生活⑦NHK高校講座】問題.pdf	pdf
KGC共有/視聴票/05.理科/科学と人間生活/NHK/2023視聴票【科学と人間生活⑧NHK高校講座】問題.pdf	pdf
KGC共有/視聴票/06.保健体育/体育1/DVD/2023視聴票【体育1㋕教科書DVD】問題.pdf	pdf
KGC共有/視聴票/06.保健体育/体育1/DVD/2023視聴票【体育1㋖教科書DVD】問題.pdf	pdf
KGC共有/視聴票/06.保健体育/体育1/DVD/2023視聴票【体育1㋗教科書DVD】問題.pdf	pdf
KGC共有/視聴票/06.保健体育/体育1/DVD/2023視聴票【体育1㋘教科書DVD】問題.pdf	pdf
KGC共有/視聴票/06.保健体育/体育1/DVD/2023視聴票【体育1㋙教科書DVD】問題.pdf	pdf
KGC共有/視聴票/06.保健体育/体育1/NHK/2023視聴票【体育1㋐NHK高校講座】問題.pdf	pdf
KGC共有/視聴票/06.保健体育/体育1/NHK/2023視聴票【体育1㋑NHK高校講座】問題.pdf	pdf
KGC共有/視聴票/06.保健体育/体育1/NHK/2023視聴票【体育1㋒NHK高校講座】問題.pdf	pdf
KGC共有/視聴票/06.保健体育/体育1/NHK/2023視聴票【体育1㋓NHK高校講座】問題.pdf	pdf
KGC共有/視聴票/06.保健体育/体育1/NHK/2023視聴票【体育1㋔NHK高校講座】問題.pdf	pdf
KGC共有/視聴票/06.保健体育/体育2/DVD/2023視聴票【体育2㋕教科書DVD】問題.pdf	pdf
KGC共有/視聴票/06.保健体育/体育2/DVD/2023視聴票【体育2㋖教科書DVD】問題.pdf	pdf
KGC共有/視聴票/06.保健体育/体育2/DVD/2023視聴票【体育2㋗教科書DVD】問題.pdf	pdf
KGC共有/視聴票/06.保健体育/体育2/DVD/2023視聴票【体育2㋘教科書DVD】問題.pdf	pdf
KGC共有/視聴票/06.保健体育/体育2/DVD/2023視聴票【体育2㋙教科書DVD】問題.pdf	pdf
KGC共有/視聴票/06.保健体育/体育2/NHK/2023視聴票【体育2㋐NHK高校講座】問題.pdf	pdf
KGC共有/視聴票/06.保健体育/体育2/NHK/2023視聴票【体育2㋑NHK高校講座】問題.pdf	pdf
KGC共有/視聴票/06.保健体育/体育2/NHK/2023視聴票【体育2㋒NHK高校講座】問題.pdf	pdf
KGC共有/視聴票/06.保健体育/体育2/NHK/2023視聴票【体育2㋓NHK高校講座】問題.pdf	pdf
KGC共有/視聴票/06.保健体育/体育2/NHK/2023視聴票【体育2㋔NHK高校講座】問題.pdf	pdf
KGC共有/視聴票/06.保健体育/体育3/DVD/2023視聴票【体育３㋕教科書DVD】問題.pdf	pdf
KGC共有/視聴票/06.保健体育/体育3/DVD/2023視聴票【体育３㋖教科書DVD】問題.pdf	pdf
KGC共有/視聴票/06.保健体育/体育3/DVD/2023視聴票【体育３㋗教科書DVD】問題.pdf	pdf
KGC共有/視聴票/06.保健体育/体育3/DVD/2023視聴票【体育３㋘教科書DVD】問題.pdf	pdf
KGC共有/視聴票/06.保健体育/体育3/DVD/2023視聴票【体育３㋙教科書DVD】問題.pdf	pdf
KGC共有/視聴票/06.保健体育/体育3/NHK/2023視聴票【体育3㋐NHK高校講座】問題.pdf	pdf
KGC共有/視聴票/06.保健体育/体育3/NHK/2023視聴票【体育3㋑NHK高校講座】問題.pdf	pdf
KGC共有/視聴票/06.保健体育/体育3/NHK/2023視聴票【体育3㋒NHK高校講座】問題.pdf	pdf
KGC共有/視聴票/06.保健体育/体育3/NHK/2023視聴票【体育3㋓NHK高校講座】問題.pdf	pdf
KGC共有/視聴票/06.保健体育/体育3/NHK/2023視聴票【体育3㋔NHK高校講座】問題.pdf	pdf
KGC共有/視聴票/06.保健体育/体育4/DVD/2023視聴票【体育４㋕教科書DVD】問題.pdf	pdf
KGC共有/視聴票/06.保健体育/体育4/DVD/2023視聴票【体育４㋖教科書DVD】問題.pdf	pdf
KGC共有/視聴票/06.保健体育/体育4/DVD/2023視聴票【体育４㋗教科書DVD】問題.pdf	pdf
KGC共有/視聴票/06.保健体育/体育4/DVD/2023視聴票【体育４㋘教科書DVD】問題.pdf	pdf
KGC共有/視聴票/06.保健体育/体育4/DVD/2023視聴票【体育４㋙教科書DVD】問題.pdf	pdf
KGC共有/視聴票/06.保健体育/体育4/NHK/2023視聴票【体育4㋐NHK高校講座】問題.pdf	pdf
KGC共有/視聴票/06.保健体育/体育4/NHK/2023視聴票【体育4㋑NHK高校講座】問題.pdf	pdf
KGC共有/視聴票/06.保健体育/体育4/NHK/2023視聴票【体育4㋒NHK高校講座】問題.pdf	pdf
KGC共有/視聴票/06.保健体育/体育4/NHK/2023視聴票【体育4㋓NHK高校講座】問題.pdf	pdf
KGC共有/視聴票/06.保健体育/体育4/NHK/2023視聴票【体育4㋔NHK高校講座】問題.pdf	pdf
KGC共有/視聴票/07.芸術/書道Ⅰ/DVD/2023視聴票【書道Ⅰ①教科書DVD】問題.pdf	pdf
KGC共有/視聴票/07.芸術/書道Ⅰ/DVD/2023視聴票【書道Ⅰ②教科書DVD】問題.pdf	pdf
KGC共有/視聴票/07.芸術/書道Ⅰ/DVD/2023視聴票【書道Ⅰ③教科書DVD】問題.pdf	pdf
KGC共有/視聴票/07.芸術/書道Ⅰ/DVD/2023視聴票【書道Ⅰ⑤教科書DVD】問題.pdf	pdf
KGC共有/視聴票/07.芸術/書道Ⅰ/DVD/2023視聴票【書道Ⅰ⑥教科書DVD】問題.pdf	pdf
KGC共有/視聴票/07.芸術/書道Ⅰ/DVD/2023視聴票【書道Ⅰ⑦教科書DVD】問題.pdf	pdf
KGC共有/視聴票/07.芸術/書道Ⅰ/DVD/2023視聴票【書道Ⅰ⑧教科書DVD】問題.pdf	pdf
KGC共有/視聴票/07.芸術/書道Ⅰ/DVD/2023視聴票【書道Ⅰ➃教科書DVD】問題.pdf	pdf
KGC共有/視聴票/07.芸術/書道Ⅰ/NHK/2023視聴票【書道Ⅰ①NHK高校講座】問題.pdf	pdf
KGC共有/視聴票/07.芸術/書道Ⅰ/NHK/2023視聴票【書道Ⅰ②NHK高校講座】問題.pdf	pdf
KGC共有/視聴票/07.芸術/書道Ⅰ/NHK/2023視聴票【書道Ⅰ③NHK高校講座】問題.pdf	pdf
KGC共有/視聴票/07.芸術/書道Ⅰ/NHK/2023視聴票【書道Ⅰ④NHK高校講座】問題.pdf	pdf
KGC共有/視聴票/07.芸術/書道Ⅰ/NHK/2023視聴票【書道Ⅰ⑤NHK高校講座】問題.pdf	pdf
KGC共有/視聴票/07.芸術/書道Ⅰ/NHK/2023視聴票【書道Ⅰ⑥NHK高校講座】問題.pdf	pdf
KGC共有/視聴票/07.芸術/書道Ⅰ/NHK/2023視聴票【書道Ⅰ⑦NHK高校講座】問題.pdf	pdf
KGC共有/視聴票/07.芸術/書道Ⅰ/NHK/2023視聴票【書道Ⅰ⑧NHK高校講座】問題.pdf	pdf
KGC共有/視聴票/07.芸術/音楽Ⅰ/2023視聴票【音楽Ⅰ①NHK高校講座】問題.pdf	pdf
KGC共有/視聴票/07.芸術/音楽Ⅰ/2023視聴票【音楽Ⅰ②NHK高校講座】問題.pdf	pdf
KGC共有/視聴票/07.芸術/音楽Ⅰ/2023視聴票【音楽Ⅰ③NHK高校講座】問題.pdf	pdf
KGC共有/視聴票/07.芸術/音楽Ⅰ/2023視聴票【音楽Ⅰ④NHK高校講座】問題.pdf	pdf
KGC共有/視聴票/07.芸術/音楽Ⅰ/2023視聴票【音楽Ⅰ⑤NHK高校講座】問題.pdf	pdf
KGC共有/視聴票/07.芸術/音楽Ⅰ/2023視聴票【音楽Ⅰ⑥NHK高校講座】問題.pdf	pdf
KGC共有/視聴票/07.芸術/音楽Ⅰ/2023視聴票【音楽Ⅰ⑦NHK高校講座】問題.pdf	pdf
KGC共有/視聴票/07.芸術/音楽Ⅰ/2023視聴票【音楽Ⅰ⑧NHK高校講座】問題.pdf	pdf
KGC共有/視聴票/08.外国語（英語）/英語コミュニケーションⅠ（コミュニケーション英語Ⅰ）/DVD/2023視聴票【英語コミュニケーションⅠ(コ英語Ⅰ)①教科書DVD】問題.pdf	pdf
KGC共有/視聴票/08.外国語（英語）/英語コミュニケーションⅠ（コミュニケーション英語Ⅰ）/DVD/2023視聴票【英語コミュニケーションⅠ(コ英語Ⅰ)②教科書DVD】問題.pdf	pdf
KGC共有/視聴票/08.外国語（英語）/英語コミュニケーションⅠ（コミュニケーション英語Ⅰ）/DVD/2023視聴票【英語コミュニケーションⅠ(コ英語Ⅰ)③教科書DVD】問題.pdf	pdf
KGC共有/視聴票/08.外国語（英語）/英語コミュニケーションⅠ（コミュニケーション英語Ⅰ）/DVD/2023視聴票【英語コミュニケーションⅠ(コ英語Ⅰ)⑤教科書DVD】問題.pdf	pdf
KGC共有/視聴票/08.外国語（英語）/英語コミュニケーションⅠ（コミュニケーション英語Ⅰ）/DVD/2023視聴票【英語コミュニケーションⅠ(コ英語Ⅰ)⑥教科書DVD】問題.pdf	pdf
KGC共有/視聴票/08.外国語（英語）/英語コミュニケーションⅠ（コミュニケーション英語Ⅰ）/DVD/2023視聴票【英語コミュニケーションⅠ(コ英語Ⅰ)⑦教科書DVD】問題.pdf	pdf
KGC共有/視聴票/08.外国語（英語）/英語コミュニケーションⅠ（コミュニケーション英語Ⅰ）/DVD/2023視聴票【英語コミュニケーションⅠ(コ英語Ⅰ)⑧教科書DVD】問題.pdf	pdf
KGC共有/視聴票/08.外国語（英語）/英語コミュニケーションⅠ（コミュニケーション英語Ⅰ）/DVD/2023視聴票【英語コミュニケーションⅠ(コ英語Ⅰ)⑨教科書DVD】問題.pdf	pdf
KGC共有/視聴票/08.外国語（英語）/英語コミュニケーションⅠ（コミュニケーション英語Ⅰ）/DVD/2023視聴票【英語コミュニケーションⅠ(コ英語Ⅰ)⑩教科書DVD】問題.pdf	pdf
KGC共有/視聴票/08.外国語（英語）/英語コミュニケーションⅠ（コミュニケーション英語Ⅰ）/DVD/2023視聴票【英語コミュニケーションⅠ(コ英語Ⅰ)⑪教科書DVD】問題.pdf	pdf
KGC共有/視聴票/08.外国語（英語）/英語コミュニケーションⅠ（コミュニケーション英語Ⅰ）/DVD/2023視聴票【英語コミュニケーションⅠ(コ英語Ⅰ)⑫教科書DVD】問題.pdf	pdf
KGC共有/視聴票/08.外国語（英語）/英語コミュニケーションⅠ（コミュニケーション英語Ⅰ）/DVD/2023視聴票【英語コミュニケーションⅠ(コ英語Ⅰ)⑬教科書DVD】問題.pdf	pdf
KGC共有/視聴票/08.外国語（英語）/英語コミュニケーションⅠ（コミュニケーション英語Ⅰ）/DVD/2023視聴票【英語コミュニケーションⅠ(コ英語Ⅰ)⑭教科書DVD】問題.pdf	pdf
KGC共有/視聴票/08.外国語（英語）/英語コミュニケーションⅠ（コミュニケーション英語Ⅰ）/DVD/2023視聴票【英語コミュニケーションⅠ(コ英語Ⅰ)⑮教科書DVD】問題.pdf	pdf
KGC共有/視聴票/08.外国語（英語）/英語コミュニケーションⅠ（コミュニケーション英語Ⅰ）/DVD/2023視聴票【英語コミュニケーションⅠ(コ英語Ⅰ)⑯教科書DVD】問題.pdf	pdf
KGC共有/視聴票/08.外国語（英語）/英語コミュニケーションⅠ（コミュニケーション英語Ⅰ）/DVD/2023視聴票【英語コミュニケーションⅠ(コ英語Ⅰ)➃教科書DVD】問題.pdf	pdf
KGC共有/視聴票/08.外国語（英語）/英語コミュニケーションⅠ（コミュニケーション英語Ⅰ）/NHK/2023視聴票【英語コミュニケーションⅠ(コ英語Ⅰ)①NHK高校講座】問題.pdf	pdf
KGC共有/視聴票/08.外国語（英語）/英語コミュニケーションⅠ（コミュニケーション英語Ⅰ）/NHK/2023視聴票【英語コミュニケーションⅠ(コ英語Ⅰ)②NHK高校講座】問題.pdf	pdf
KGC共有/視聴票/08.外国語（英語）/英語コミュニケーションⅠ（コミュニケーション英語Ⅰ）/NHK/2023視聴票【英語コミュニケーションⅠ(コ英語Ⅰ)③NHK高校講座】問題.pdf	pdf
KGC共有/視聴票/08.外国語（英語）/英語コミュニケーションⅠ（コミュニケーション英語Ⅰ）/NHK/2023視聴票【英語コミュニケーションⅠ(コ英語Ⅰ)④NHK高校講座】問題.pdf	pdf
KGC共有/視聴票/08.外国語（英語）/英語コミュニケーションⅠ（コミュニケーション英語Ⅰ）/NHK/2023視聴票【英語コミュニケーションⅠ(コ英語Ⅰ)⑤NHK高校講座】問題.pdf	pdf
KGC共有/視聴票/08.外国語（英語）/英語コミュニケーションⅠ（コミュニケーション英語Ⅰ）/NHK/2023視聴票【英語コミュニケーションⅠ(コ英語Ⅰ)⑥NHK高校講座】問題.pdf	pdf
KGC共有/視聴票/08.外国語（英語）/英語コミュニケーションⅠ（コミュニケーション英語Ⅰ）/NHK/2023視聴票【英語コミュニケーションⅠ(コ英語Ⅰ)⑦NHK高校講座】問題.pdf	pdf
KGC共有/視聴票/08.外国語（英語）/英語コミュニケーションⅠ（コミュニケーション英語Ⅰ）/NHK/2023視聴票【英語コミュニケーションⅠ(コ英語Ⅰ)⑧NHK高校講座】問題.pdf	pdf
KGC共有/視聴票/08.外国語（英語）/英語コミュニケーションⅠ（コミュニケーション英語Ⅰ）/NHK/2023視聴票【英語コミュニケーションⅠ(コ英語Ⅰ)⑨NHK高校講座】問題.pdf	pdf
KGC共有/視聴票/08.外国語（英語）/英語コミュニケーションⅠ（コミュニケーション英語Ⅰ）/NHK/2023視聴票【英語コミュニケーションⅠ(コ英語Ⅰ)⑩NHK高校講座】問題.pdf	pdf
KGC共有/視聴票/08.外国語（英語）/英語コミュニケーションⅠ（コミュニケーション英語Ⅰ）/NHK/2023視聴票【英語コミュニケーションⅠ(コ英語Ⅰ)⑪NHK高校講座】問題.pdf	pdf
KGC共有/視聴票/08.外国語（英語）/英語コミュニケーションⅠ（コミュニケーション英語Ⅰ）/NHK/2023視聴票【英語コミュニケーションⅠ(コ英語Ⅰ)⑫NHK高校講座】問題.pdf	pdf
KGC共有/視聴票/08.外国語（英語）/英語コミュニケーションⅠ（コミュニケーション英語Ⅰ）/NHK/2023視聴票【英語コミュニケーションⅠ(コ英語Ⅰ)⑬NHK高校講座】問題.pdf	pdf
KGC共有/視聴票/08.外国語（英語）/英語コミュニケーションⅠ（コミュニケーション英語Ⅰ）/NHK/2023視聴票【英語コミュニケーションⅠ(コ英語Ⅰ)⑭NHK高校講座】問題.pdf	pdf
KGC共有/視聴票/08.外国語（英語）/英語コミュニケーションⅠ（コミュニケーション英語Ⅰ）/NHK/2023視聴票【英語コミュニケーションⅠ(コ英語Ⅰ)⑮NHK高校講座】問題.pdf	pdf
KGC共有/視聴票/08.外国語（英語）/英語コミュニケーションⅠ（コミュニケーション英語Ⅰ）/NHK/2023視聴票【英語コミュニケーションⅠ(コ英語Ⅰ)⑯NHK高校講座】問題.pdf	pdf
KGC共有/視聴票/08.外国語（英語）/英語コミュニケーションⅡ（コミュニケーション英語Ⅱ）/DVD/2023視聴票【英語コミュニケーションⅡ(コ英語Ⅱ)①教科書DVD】問題.pdf	pdf
KGC共有/視聴票/08.外国語（英語）/英語コミュニケーションⅡ（コミュニケーション英語Ⅱ）/DVD/2023視聴票【英語コミュニケーションⅡ(コ英語Ⅱ)②教科書DVD】問題.pdf	pdf
KGC共有/視聴票/08.外国語（英語）/英語コミュニケーションⅡ（コミュニケーション英語Ⅱ）/DVD/2023視聴票【英語コミュニケーションⅡ(コ英語Ⅱ)③教科書DVD】問題.pdf	pdf
KGC共有/視聴票/08.外国語（英語）/英語コミュニケーションⅡ（コミュニケーション英語Ⅱ）/DVD/2023視聴票【英語コミュニケーションⅡ(コ英語Ⅱ)④教科書DVD】問題.pdf	pdf
KGC共有/視聴票/08.外国語（英語）/英語コミュニケーションⅡ（コミュニケーション英語Ⅱ）/DVD/2023視聴票【英語コミュニケーションⅡ(コ英語Ⅱ)⑤教科書DVD】問題.pdf	pdf
KGC共有/視聴票/08.外国語（英語）/英語コミュニケーションⅡ（コミュニケーション英語Ⅱ）/DVD/2023視聴票【英語コミュニケーションⅡ(コ英語Ⅱ)⑥教科書DVD】問題.pdf	pdf
KGC共有/視聴票/08.外国語（英語）/英語コミュニケーションⅡ（コミュニケーション英語Ⅱ）/DVD/2023視聴票【英語コミュニケーションⅡ(コ英語Ⅱ)⑦教科書DVD】問題.pdf	pdf
KGC共有/視聴票/08.外国語（英語）/英語コミュニケーションⅡ（コミュニケーション英語Ⅱ）/DVD/2023視聴票【英語コミュニケーションⅡ(コ英語Ⅱ)⑧教科書DVD】問題.pdf	pdf
KGC共有/視聴票/08.外国語（英語）/英語コミュニケーションⅡ（コミュニケーション英語Ⅱ）/DVD/2023視聴票【英語コミュニケーションⅡ(コ英語Ⅱ)⑨教科書DVD】問題.pdf	pdf
KGC共有/視聴票/08.外国語（英語）/英語コミュニケーションⅡ（コミュニケーション英語Ⅱ）/DVD/2023視聴票【英語コミュニケーションⅡ(コ英語Ⅱ)⑩教科書DVD】問題.pdf	pdf
KGC共有/視聴票/08.外国語（英語）/英語コミュニケーションⅡ（コミュニケーション英語Ⅱ）/DVD/2023視聴票【英語コミュニケーションⅡ(コ英語Ⅱ)⑪教科書DVD】問題.pdf	pdf
KGC共有/視聴票/08.外国語（英語）/英語コミュニケーションⅡ（コミュニケーション英語Ⅱ）/DVD/2023視聴票【英語コミュニケーションⅡ(コ英語Ⅱ)⑫教科書DVD】問題.pdf	pdf
KGC共有/視聴票/08.外国語（英語）/英語コミュニケーションⅡ（コミュニケーション英語Ⅱ）/DVD/2023視聴票【英語コミュニケーションⅡ(コ英語Ⅱ)⑬教科書DVD】問題.pdf	pdf
KGC共有/視聴票/08.外国語（英語）/英語コミュニケーションⅡ（コミュニケーション英語Ⅱ）/DVD/2023視聴票【英語コミュニケーションⅡ(コ英語Ⅱ)⑭教科書DVD】問題.pdf	pdf
KGC共有/視聴票/08.外国語（英語）/英語コミュニケーションⅡ（コミュニケーション英語Ⅱ）/DVD/2023視聴票【英語コミュニケーションⅡ(コ英語Ⅱ)⑮教科書DVD】問題.pdf	pdf
KGC共有/視聴票/08.外国語（英語）/英語コミュニケーションⅡ（コミュニケーション英語Ⅱ）/DVD/2023視聴票【英語コミュニケーションⅡ(コ英語Ⅱ)⑯教科書DVD】問題.pdf	pdf
KGC共有/視聴票/08.外国語（英語）/英語コミュニケーションⅡ（コミュニケーション英語Ⅱ）/NHK（①～⑩順次公開）/2023視聴票【英語コミュニケーションⅡ(コ英語Ⅱ)①NHK高校講座】問題.pdf	pdf
KGC共有/視聴票/08.外国語（英語）/英語コミュニケーションⅡ（コミュニケーション英語Ⅱ）/NHK（①～⑩順次公開）/2023視聴票【英語コミュニケーションⅡ(コ英語Ⅱ)②NHK高校講座】問題.pdf	pdf
KGC共有/視聴票/08.外国語（英語）/英語コミュニケーションⅡ（コミュニケーション英語Ⅱ）/NHK（①～⑩順次公開）/2023視聴票【英語コミュニケーションⅡ(コ英語Ⅱ)③NHK高校講座】問題.pdf	pdf
KGC共有/視聴票/08.外国語（英語）/英語コミュニケーションⅡ（コミュニケーション英語Ⅱ）/NHK（①～⑩順次公開）/2023視聴票【英語コミュニケーションⅡ(コ英語Ⅱ)④NHK高校講座】問題.pdf	pdf
KGC共有/視聴票/08.外国語（英語）/英語コミュニケーションⅡ（コミュニケーション英語Ⅱ）/NHK（①～⑩順次公開）/2023視聴票【英語コミュニケーションⅡ(コ英語Ⅱ)⑤NHK高校講座】問題.pdf	pdf
KGC共有/視聴票/08.外国語（英語）/英語コミュニケーションⅡ（コミュニケーション英語Ⅱ）/NHK（①～⑩順次公開）/2023視聴票【英語コミュニケーションⅡ(コ英語Ⅱ)⑥NHK高校講座】問題.pdf	pdf
KGC共有/視聴票/08.外国語（英語）/英語コミュニケーションⅡ（コミュニケーション英語Ⅱ）/NHK（①～⑩順次公開）/2023視聴票【英語コミュニケーションⅡ(コ英語Ⅱ)⑦NHK高校講座】問題.pdf	pdf
KGC共有/視聴票/08.外国語（英語）/英語コミュニケーションⅡ（コミュニケーション英語Ⅱ）/NHK（①～⑩順次公開）/2023視聴票【英語コミュニケーションⅡ(コ英語Ⅱ)⑧NHK高校講座】問題.pdf	pdf
KGC共有/視聴票/08.外国語（英語）/英語コミュニケーションⅡ（コミュニケーション英語Ⅱ）/NHK（①～⑩順次公開）/2023視聴票【英語コミュニケーションⅡ(コ英語Ⅱ)⑨NHK高校講座】問題.pdf	pdf
KGC共有/視聴票/08.外国語（英語）/英語コミュニケーションⅡ（コミュニケーション英語Ⅱ）/NHK（①～⑩順次公開）/2023視聴票【英語コミュニケーションⅡ(コ英語Ⅱ)⑩NHK高校講座】問題.pdf	pdf
KGC共有/視聴票/08.外国語（英語）/英語コミュニケーションⅡ（コミュニケーション英語Ⅱ）/NHK（⑪～⑯ライブラリーでコミュニケーション英語Ⅱを視聴）/2023視聴票【英語コミュニケーションⅡ(コ英語Ⅱ)⑪NHK高校講座】問題.pdf	pdf
KGC共有/視聴票/08.外国語（英語）/英語コミュニケーションⅡ（コミュニケーション英語Ⅱ）/NHK（⑪～⑯ライブラリーでコミュニケーション英語Ⅱを視聴）/2023視聴票【英語コミュニケーションⅡ(コ英語Ⅱ)⑫NHK高校講座】問題.pdf	pdf
KGC共有/視聴票/08.外国語（英語）/英語コミュニケーションⅡ（コミュニケーション英語Ⅱ）/NHK（⑪～⑯ライブラリーでコミュニケーション英語Ⅱを視聴）/2023視聴票【英語コミュニケーションⅡ(コ英語Ⅱ)⑬NHK高校講座】問題.pdf	pdf
KGC共有/視聴票/08.外国語（英語）/英語コミュニケーションⅡ（コミュニケーション英語Ⅱ）/NHK（⑪～⑯ライブラリーでコミュニケーション英語Ⅱを視聴）/2023視聴票【英語コミュニケーションⅡ(コ英語Ⅱ)⑭NHK高校講座】問題.pdf	pdf
KGC共有/視聴票/08.外国語（英語）/英語コミュニケーションⅡ（コミュニケーション英語Ⅱ）/NHK（⑪～⑯ライブラリーでコミュニケーション英語Ⅱを視聴）/2023視聴票【英語コミュニケーションⅡ(コ英語Ⅱ)⑮NHK高校講座】問題.pdf	pdf
KGC共有/視聴票/08.外国語（英語）/英語コミュニケーションⅡ（コミュニケーション英語Ⅱ）/NHK（⑪～⑯ライブラリーでコミュニケーション英語Ⅱを視聴）/2023視聴票【英語コミュニケーションⅡ(コ英語Ⅱ)⑯NHK高校講座】問題.pdf	pdf
KGC共有/視聴票/08.外国語（英語）/論理・表現Ⅰ（英語表現Ⅰ）/DVD/2023視聴票【論理・表現Ⅰ(英語表現Ⅰ)①教科書DVD】問題.pdf	pdf
KGC共有/視聴票/08.外国語（英語）/論理・表現Ⅰ（英語表現Ⅰ）/DVD/2023視聴票【論理・表現Ⅰ(英語表現Ⅰ)②教科書DVD】問題.pdf	pdf
KGC共有/視聴票/08.外国語（英語）/論理・表現Ⅰ（英語表現Ⅰ）/DVD/2023視聴票【論理・表現Ⅰ(英語表現Ⅰ)③教科書DVD】問題.pdf	pdf
KGC共有/視聴票/08.外国語（英語）/論理・表現Ⅰ（英語表現Ⅰ）/DVD/2023視聴票【論理・表現Ⅰ(英語表現Ⅰ)④教科書DVD】問題.pdf	pdf
KGC共有/視聴票/08.外国語（英語）/論理・表現Ⅰ（英語表現Ⅰ）/DVD/2023視聴票【論理・表現Ⅰ(英語表現Ⅰ)⑤教科書DVD】問題.pdf	pdf
KGC共有/視聴票/08.外国語（英語）/論理・表現Ⅰ（英語表現Ⅰ）/DVD/2023視聴票【論理・表現Ⅰ(英語表現Ⅰ)⑥教科書DVD】問題.pdf	pdf
KGC共有/視聴票/08.外国語（英語）/論理・表現Ⅰ（英語表現Ⅰ）/DVD/2023視聴票【論理・表現Ⅰ(英語表現Ⅰ)⑦教科書DVD】問題.pdf	pdf
KGC共有/視聴票/08.外国語（英語）/論理・表現Ⅰ（英語表現Ⅰ）/DVD/2023視聴票【論理・表現Ⅰ(英語表現Ⅰ)⑧教科書DVD】問題.pdf	pdf
KGC共有/視聴票/08.外国語（英語）/論理・表現Ⅰ（英語表現Ⅰ）/NHK（ライブラリーで英語表現Ⅰを視聴）/2023視聴票【論理・表現Ⅰ(英語表現Ⅰ)①NHK高校講座】問題.pdf	pdf
KGC共有/視聴票/08.外国語（英語）/論理・表現Ⅰ（英語表現Ⅰ）/NHK（ライブラリーで英語表現Ⅰを視聴）/2023視聴票【論理・表現Ⅰ(英語表現Ⅰ)②NHK高校講座】問題.pdf	pdf
KGC共有/視聴票/08.外国語（英語）/論理・表現Ⅰ（英語表現Ⅰ）/NHK（ライブラリーで英語表現Ⅰを視聴）/2023視聴票【論理・表現Ⅰ(英語表現Ⅰ)③NHK高校講座】問題.pdf	pdf
KGC共有/視聴票/08.外国語（英語）/論理・表現Ⅰ（英語表現Ⅰ）/NHK（ライブラリーで英語表現Ⅰを視聴）/2023視聴票【論理・表現Ⅰ(英語表現Ⅰ)④NHK高校講座】問題.pdf	pdf
KGC共有/視聴票/08.外国語（英語）/論理・表現Ⅰ（英語表現Ⅰ）/NHK（ライブラリーで英語表現Ⅰを視聴）/2023視聴票【論理・表現Ⅰ(英語表現Ⅰ)⑤NHK高校講座】問題.pdf	pdf
KGC共有/視聴票/08.外国語（英語）/論理・表現Ⅰ（英語表現Ⅰ）/NHK（ライブラリーで英語表現Ⅰを視聴）/2023視聴票【論理・表現Ⅰ(英語表現Ⅰ)⑥NHK高校講座】問題.pdf	pdf
KGC共有/視聴票/08.外国語（英語）/論理・表現Ⅰ（英語表現Ⅰ）/NHK（ライブラリーで英語表現Ⅰを視聴）/2023視聴票【論理・表現Ⅰ(英語表現Ⅰ)⑦NHK高校講座】問題.pdf	pdf
KGC共有/視聴票/08.外国語（英語）/論理・表現Ⅰ（英語表現Ⅰ）/NHK（ライブラリーで英語表現Ⅰを視聴）/2023視聴票【論理・表現Ⅰ(英語表現Ⅰ)⑧NHK高校講座】問題.pdf	pdf
KGC共有/視聴票/09.家庭・情報/家庭総合/DVD/2023視聴票【家庭総合①教科書ＤＶＤ】問題.pdf	pdf
KGC共有/視聴票/09.家庭・情報/家庭総合/DVD/2023視聴票【家庭総合②教科書ＤＶＤ】問題.pdf	pdf
KGC共有/視聴票/09.家庭・情報/家庭総合/DVD/2023視聴票【家庭総合③教科書ＤＶＤ】問題.pdf	pdf
KGC共有/視聴票/09.家庭・情報/家庭総合/DVD/2023視聴票【家庭総合④教科書ＤＶＤ】問題.pdf	pdf
KGC共有/視聴票/09.家庭・情報/家庭総合/DVD/2023視聴票【家庭総合⑤教科書ＤＶＤ】問題.pdf	pdf
KGC共有/視聴票/09.家庭・情報/家庭総合/DVD/2023視聴票【家庭総合⑥教科書ＤＶＤ】問題.pdf	pdf
KGC共有/視聴票/09.家庭・情報/家庭総合/DVD/2023視聴票【家庭総合⑦教科書ＤＶＤ】問題.pdf	pdf
KGC共有/視聴票/09.家庭・情報/家庭総合/DVD/2023視聴票【家庭総合⑧教科書ＤＶＤ】問題.pdf	pdf
KGC共有/視聴票/09.家庭・情報/家庭総合/NHK/2023視聴票【家庭総合①NHK高校講座】問題.pdf	pdf
KGC共有/視聴票/09.家庭・情報/家庭総合/NHK/2023視聴票【家庭総合②NHK高校講座】問題.pdf	pdf
KGC共有/視聴票/09.家庭・情報/家庭総合/NHK/2023視聴票【家庭総合③NHK高校講座】問題.pdf	pdf
KGC共有/視聴票/09.家庭・情報/家庭総合/NHK/2023視聴票【家庭総合④NHK高校講座】問題.pdf	pdf
KGC共有/視聴票/09.家庭・情報/家庭総合/NHK/2023視聴票【家庭総合⑤NHK高校講座】問題.pdf	pdf
KGC共有/視聴票/09.家庭・情報/家庭総合/NHK/2023視聴票【家庭総合⑥NHK高校講座】問題.pdf	pdf
KGC共有/視聴票/09.家庭・情報/家庭総合/NHK/2023視聴票【家庭総合⑦NHK高校講座】問題.pdf	pdf
KGC共有/視聴票/09.家庭・情報/家庭総合/NHK/2023視聴票【家庭総合⑧NHK高校講座】問題.pdf	pdf
KGC共有/視聴票/09.家庭・情報/情報Ⅰ（社会と情報）/DVD/2023視聴票【情報Ⅰ(社会と情報)①教科書ＤＶＤ】問題.pdf	pdf
KGC共有/視聴票/09.家庭・情報/情報Ⅰ（社会と情報）/DVD/2023視聴票【情報Ⅰ(社会と情報)②教科書ＤＶＤ】問題.pdf	pdf
KGC共有/視聴票/09.家庭・情報/情報Ⅰ（社会と情報）/DVD/2023視聴票【情報Ⅰ(社会と情報)③教科書ＤＶＤ】問題.pdf	pdf
KGC共有/視聴票/09.家庭・情報/情報Ⅰ（社会と情報）/DVD/2023視聴票【情報Ⅰ(社会と情報)④教科書ＤＶＤ】問題.pdf	pdf
KGC共有/視聴票/09.家庭・情報/情報Ⅰ（社会と情報）/NHK/2023視聴票【情報Ⅰ①NHK高校講座】問題.pdf	pdf
KGC共有/視聴票/09.家庭・情報/情報Ⅰ（社会と情報）/NHK/2023視聴票【情報Ⅰ②NHK高校講座】問題.pdf	pdf
KGC共有/視聴票/09.家庭・情報/情報Ⅰ（社会と情報）/NHK/2023視聴票【情報Ⅰ③NHK高校講座】問題.pdf	pdf
KGC共有/視聴票/10.学校設定科目/数学入門/2023視聴票【数学入門①NHK高校講座】問題.pdf	pdf
KGC共有/視聴票/10.学校設定科目/数学入門/2023視聴票【数学入門②NHK高校講座】問題 20230518訂正.pdf	pdf
KGC共有/視聴票/10.学校設定科目/論理国語入門/2023視聴票【論理国語入門①NHK高校講座】問題.pdf	pdf
KGC共有/視聴票/10.学校設定科目/論理国語入門/2023視聴票【論理国語入門②NHK高校講座】問題.pdf	pdf
KGC共有/視聴票/2023視聴票提出用紙【記入見本】.pdf	pdf
KGC共有/証明書発行願　2022.4.1改訂.pdf	pdf
KGC共有/資材注文書.xlsx	xlsx
Native Camp 時間合計 (LAPTOP-NPMMH3FL の競合コピー 2024-11-05).xlsx	xlsx
Native Camp 時間合計.xlsx	xlsx
e-bay/個人_Payoneer口座をお持ちの場合_ver.1.3 (1).pdf	pdf
e-bay/個人_Payoneer口座をお持ちの場合_ver.1.3.pdf	pdf
からあげ.pptx	pptx
らーめん.pptx	pptx
キク英文法.pdf	pdf
冊子小包シール用.docx	docx
同盟式文.pdf	pdf
牧会・式文ノート.pdf	pdf
牧師名刺2.doc	doc
確定申告系/20221220_年末調整(差引超過額または不足額明細書）.pdf	pdf
確定申告系/2022年度確定申告（南雲訂正後）.pdf	pdf
確定申告系/R4尚子源泉徴収.pdf	pdf
確定申告系/r4kessan.pdf	pdf
確定申告系/嘉明r3kessan (10)青色申告決算書.pdf	pdf
確定申告系/嘉明r3kessan (8).pdf	pdf
確定申告系/嘉明r3syotoku確定申告書送信票.pdf	pdf
確定申告系/嘉明確認用r3kessan (9).pdf	pdf
確定申告系/嘉明確認用r3syotoku (3).pdf	pdf
神学校/ABI_102講義内容.pdf	pdf
神学校/ABI_契約書.pdf	pdf
神学校/ABI_開発契約書.docx	docx
神学校/MSP 102. End of Course Zoom Session.pptx	pptx
神学校/MSP 102. Start of Course Zoom Session.pptx	pptx
神学校/SOM102 The Walk Japanese Master/Video and Media Files/Unit 1/SOM 102. 1.2 PowerPoint.pptx	pptx
神学校/SOM102 The Walk Japanese Master/Video and Media Files/Unit 1/SOM 102. 1.3. PowerPoint.pptx	pptx
神学校/SOM102 The Walk Japanese Master/Video and Media Files/Unit 1/SOM 102. 1.4. PowerPoint.pptx	pptx
神学校/SOM102 The Walk Japanese Master/Video and Media Files/Unit 2/SOM 102. 2.1. PowerPoint.pptx	pptx
神学校/SOM102 The Walk Japanese Master/Video and Media Files/Unit 2/SOM 102. 2.2. PowerPoint.pptx	pptx
神学校/SOM102 The Walk Japanese Master/Video and Media Files/Unit 2/SOM 102. 2.3. PowerPoint.pptx	pptx
神学校/SOM102 The Walk Japanese Master/Video and Media Files/Unit 2/SOM 102. 2.4. PowerPoint.pptx	pptx
神学校/SOM102 The Walk Japanese Master/Video and Media Files/Unit 3/SOM 102. 3.1. PowerPoint.pptx	pptx
神学校/SOM102 The Walk Japanese Master/Video and Media Files/Unit 3/SOM 102. 3.2. PowerPoint.pptx	pptx
神学校/SOM102 The Walk Japanese Master/Video and Media Files/Unit 3/SOM 102. 3.3. PowerPoint.pptx	pptx
神学校/SOM102 The Walk Japanese Master/Video and Media Files/Unit 4/SOM 102. 4.3. PowerPoint.pptx	pptx
神学校/SOM102 The Walk Japanese Master/Video and Media Files/Unit 4/SOM 102. 4.4. PowerPoint.pptx	pptx
神学校/SOM102 The Walk Japanese Master/Video and Media Files/Unit 5/SOM 102. 5.1. PowerPoint.pptx	pptx
神学校/SOM102 The Walk Japanese Master/Video and Media Files/Unit 5/SOM 102. 5.2. PowerPoint.pptx	pptx
神学校/SOM102 The Walk Japanese Master/Video and Media Files/Unit 5/SOM 102. 5.3. PowerPoint.pptx	pptx
神学校/SOM102 The Walk Japanese Master/Video and Media Files/Unit 5/SOM 102. 5.4. PowerPoint.pptx	pptx
神学校/SOM102 The Walk Japanese Master/Video and Media Files/Unit 6/SOM 102. 6.1. PowerPoint.pptx	pptx
通学証明書発行のお願い.docx	docx
黙示録/NICNT：Revelation.pdf	pdf
黙示録/ウェスレアン新約4ヘブル黙示録.pdf	pdf
黙示録/ティンデル：黙示録：モリス.pdf	pdf
黙示録/バークレー：黙示録上.pdf	pdf
黙示録/バークレー：黙示録下.pdf	pdf
黙示録/ヘンドリクセン黙示録.pdf	pdf
黙示録/佐竹明黙示録上.pdf	pdf
黙示録/佐竹明黙示録下.pdf	pdf
黙示録/佐竹明黙示録中.pdf	pdf
黙示録/小畑黙示録1.pdf	pdf
黙示録/小畑黙示録2.pdf	pdf
黙示録/小畑黙示録3.pdf	pdf
黙示録/小畑黙示録4.pdf	pdf
黙示録/新聖書註解新３ピリ黙示.pdf	pdf
黙示録/現代聖書注解：黙示録：ボーリング.pdf	pdf
黙示録/黙示録恵みが全てに岡山英雄.pdf	pdf
黙示録/ＮＴＤ黙示録.pdf	pdf
！！！！！！999999個人用7777777/!!Challenges/!PROJECTS/~$をゲーム化する.docx	docx
！！！！！！999999個人用7777777/!!Challenges/2023/2023-2_放送大学bangumihyo.pdf	pdf
！！！！！！999999個人用7777777/!!Challenges/2023/BP_502695215_NRT-CEB_SP50550166_59657294_81742098_1710990397.pdf	pdf
！！！！！！999999個人用7777777/!!Challenges/NPO202106_manual_all.pdf	pdf
！！！！！！999999個人用7777777/!!DSTODO/darkstars live info.txt	txt
！！！！！！999999個人用7777777/!!INformation/ゆうちょ口座番号.txt	txt
！！！！！！999999個人用7777777/!!LYRICS/feit/オートサクリファイス.docx	docx
！！！！！！999999個人用7777777/!!LYRICS/feit/ミルクと蜂蜜.docx	docx
！！！！！！999999個人用7777777/!!LYRICS/feit/三番目のゴール.docx	docx
！！！！！！999999個人用7777777/!!LYRICS/feit/夢現.docx	docx
！！！！！！999999個人用7777777/!!LYRICS/feit/春黒穴.rtf	rtf
！！！！！！999999個人用7777777/!!LYRICS/feit/最後の最後.docx	docx
！！！！！！999999個人用7777777/!!LYRICS/feit/燃える炎と呼ぶ声.docx	docx
！！！！！！999999個人用7777777/!!LYRICS/feit/真っ暗なブラックコーヒー.docx	docx
！！！！！！999999個人用7777777/!!LYRICS/jyuujika.odt	odt
！！！！！！999999個人用7777777/!!LYRICS/りむとらむ.doc	doc
！！！！！！999999個人用7777777/!!LYRICS/ライブ歌詞.pptx	pptx
！！！！！！999999個人用7777777/!!LYRICS/ライブ歌詞縦.pptx	pptx
！！！！！！999999個人用7777777/!OLDTODO/2021/PROGRESS新規入会の皆様へ.pdf	pdf
！！！！！！999999個人用7777777/!OLDTODO/2021/bible study hardcore.pptx	pptx
！！！！！！999999個人用7777777/!OLDTODO/2023/20236:19krnotodo.docx	docx
！！！！！！999999個人用7777777/DAY ONE/Day One (2019-12-05 — All Entries).pdf	pdf
！！！！！！999999個人用7777777/DAY ONE/DayOne-BB746104B73E4261A77B1B3CFA330F61.pdf	pdf
！！！！！！999999個人用7777777/YNPS/ModularV_Manual_2_0_JP.pdf	pdf
！！！！！！999999個人用7777777/YNPS/その他/FAV.txt	txt
！！！！！！999999個人用7777777/YNPS/その他/FAVplaylist20191112.txt	txt
２０２６０３フィリピン前エクセル.xlsx	xlsx
